1728226790, 113.411691, 22.067440
1728226790, 113.327440, 22.289976
1728226790, 113.504179, 22.224749
1728226790, 113.544251, 22.098488
1728226790, 113.522157, 22.235826
1728226790, 113.339899, 22.193245
1728226790, 113.377459, 22.090261
1728226790, 113.501220, 22.413832
1728226790, 113.504644, 22.175286
1728226790, 113.349539, 22.375259
1728226790, 113.463501, 22.178272
1728226790, 113.601393, 22.001754
1728226790, 113.368017, 22.012205
1728226790, 113.146293, 22.150361
1728226790, 113.505154, 22.174654
1728226790, 113.251258, 21.924502
1728226790, 113.456407, 22.211519
1728226790, 113.180994, 22.316741
1728226790, 113.377682, 22.089783
1728226790, 113.377276, 22.273871
1728226790, 113.518751, 22.211740
1728226790, 113.161415, 22.177050
1728226790, 113.512383, 22.229025
1728226790, 113.180684, 22.043715
1728226790, 113.517972, 22.155414
1728226790, 113.648320, 22.347000
1728226790, 113.542026, 22.139287
1728226790, 113.344156, 22.086147
1728226790, 113.300654, 22.101838
1728226790, 113.260538, 22.347492
1728226790, 113.408858, 22.139142
1728226790, 113.418156, 22.405519
1728226790, 113.500979, 22.175316
1728226790, 113.457049, 22.177633
1728226790, 113.381204, 22.022435
1728226790, 113.601164, 22.386810
1728226790, 113.510580, 22.172554
1728226790, 113.507405, 21.886214
1728226790, 113.358906, 22.146741
1728226790, 113.459641, 21.930979
1728226790, 113.244053, 21.946246
1728226790, 113.710952, 22.397733
1728226790, 113.429321, 22.197319
1728226790, 113.382438, 22.453752
1728226790, 113.463501, 22.178272
1728226790, 113.371954, 21.890350
1728226790, 113.360112, 22.146885
1728226790, 113.633204, 22.418217
1728226790, 113.391471, 22.077482
1728226790, 113.645352, 21.988318
1728226790, 113.526475, 22.190937
1728226790, 113.515994, 22.158022
1728226790, 113.397598, 22.175161
1728226790, 113.609613, 22.204134
1728226790, 113.522814, 22.152560
1728226790, 113.541797, 22.143432
1728226790, 113.394447, 22.175711
1728226790, 113.360613, 21.928463
1728226790, 113.391117, 22.123498
1728226790, 113.394754, 22.075123
1728226790, 113.219252, 22.305996
1728226790, 113.375548, 22.061795
1728226790, 113.523015, 22.208884
1728226790, 113.391088, 22.032056
1728226790, 113.482799, 22.008946
1728226790, 113.096223, 21.922423
1728226790, 113.391471, 22.077482
1728226790, 113.541610, 22.218807
1728226790, 113.196770, 21.912964
1728226790, 113.117391, 22.206411
1728226790, 113.541026, 22.144031
1728226790, 113.461178, 22.197747
1728226790, 113.455406, 22.349112
1728226790, 113.681138, 22.210847
1728226790, 113.369291, 22.013483
1728226790, 113.496932, 22.240112
1728226790, 113.458639, 21.894532
1728226790, 113.375846, 21.916717
1728226790, 113.255665, 21.889209
1728226790, 113.541610, 22.218807
1728226790, 113.671853, 22.061664
1728226790, 113.498148, 22.372667
1728226790, 113.361724, 22.140021
1728226790, 113.518488, 22.177372
1728226790, 113.590604, 22.330209
1728226790, 113.570591, 22.452261
1728226790, 113.513063, 22.267757
1728226790, 113.515810, 22.175633
1728226790, 113.554453, 22.285151
1728226790, 113.253605, 22.137863
1728226790, 113.447543, 22.169017
1728226790, 113.459845, 22.292537
1728226790, 113.511342, 22.270500
1728226790, 113.365870, 22.133984
1728226790, 113.461068, 22.081825
1728226790, 113.337003, 22.432416
1728226790, 113.310970, 22.106842
1728226790, 113.499225, 22.176979
1728226790, 113.393953, 22.040220
1728226790, 113.407461, 22.416933
1728226790, 113.386817, 22.026814
1728226790, 113.539625, 21.989138
1728226790, 113.510551, 22.172745
1728226790, 113.527498, 22.203600
1728226790, 113.243899, 22.155244
1728226790, 113.447224, 21.922038
1728226790, 113.379272, 22.116125
1728226790, 113.510451, 22.271458
1728226790, 113.455582, 21.957469
1728226790, 113.577468, 22.224203
1728226790, 113.117407, 22.299933
1728226790, 113.497815, 22.176026
1728226790, 113.522870, 22.235162
1728226790, 113.522567, 22.235661
1728226790, 113.572544, 22.335992
1728226790, 113.086324, 22.080397
1728226790, 113.292454, 22.097983
1728226790, 113.388024, 22.027752
1728226790, 113.517966, 22.210519
1728226790, 113.507035, 22.171966
1728226790, 113.542561, 22.218701
1728226790, 113.527775, 22.193263
1728226790, 113.134135, 22.289318
1728226790, 113.505632, 22.173964
1728226790, 113.483492, 22.407847
1728226790, 113.276526, 21.972398
1728226790, 113.251092, 22.389303
1728226790, 113.298903, 21.988488
1728226790, 113.464129, 22.177517
1728226790, 113.231178, 21.917956
1728226790, 113.145202, 22.281755
1728226790, 113.328760, 22.077011
1728226790, 113.519211, 22.210527
1728226790, 113.648144, 22.206830
1728226790, 113.256332, 21.887492
1728226790, 113.335517, 22.242195
1728226790, 113.638503, 22.172720
1728226790, 113.520161, 22.180061
1728226790, 113.415460, 22.156231
1728226790, 113.174499, 22.229133
1728226790, 113.293764, 22.021830
1728226790, 113.526136, 22.190412
1728226790, 113.409982, 22.141168
1728226790, 113.631423, 21.989275
1728226790, 113.414831, 22.154876
1728226790, 113.303561, 22.341990
1728226790, 113.509276, 22.227358
1728226790, 113.177108, 22.306156
1728226790, 113.319766, 22.459771
1728226790, 113.465083, 22.176942
1728226790, 113.331571, 21.931532
1728226790, 113.403308, 22.076821
1728226790, 113.131467, 22.137594
1728226790, 113.539127, 22.145594
1728226790, 113.265254, 21.975411
1728226790, 113.162156, 22.447955
1728226790, 113.156085, 22.337632
1728226790, 113.255953, 21.883648
1728226790, 113.278919, 22.314950
1728226790, 113.411033, 22.068683
1728226790, 113.423540, 22.329373
1728226790, 113.479288, 22.218157
1728226790, 113.219804, 22.058347
1728226790, 113.515788, 22.248712
1728226790, 113.301975, 21.992714
1728226790, 113.191164, 22.003279
1728226790, 113.565271, 21.931334
1728226790, 113.502045, 22.249027
1728226790, 113.076234, 22.208918
1728226790, 113.506056, 22.221817
1728226790, 113.460521, 22.205331
1728226790, 113.459716, 22.329775
1728226790, 113.512347, 22.215884
1728226790, 113.303686, 21.972248
1728226790, 113.526700, 22.191324
1728226790, 113.379824, 22.116375
1728226790, 113.453983, 22.138289
1728226790, 113.397463, 22.042463
1728226790, 113.685075, 22.032580
1728226790, 113.498036, 22.175944
1728226790, 113.360088, 22.164373
1728226790, 113.503252, 22.249588
1728226790, 113.545684, 21.888938
1728226790, 113.497926, 22.177077
1728226790, 113.514991, 22.159537
1728226790, 113.537191, 22.144297
1728226790, 113.516961, 22.231108
1728226790, 113.658789, 22.308416
1728226790, 113.199092, 21.967692
1728226790, 113.146588, 21.923583
1728226790, 113.230536, 22.006302
1728226790, 113.526700, 22.191324
1728226790, 113.322241, 22.115236
1728226790, 113.467181, 21.986054
1728226790, 113.340809, 22.129575
1728226790, 113.529107, 22.199060
1728226790, 113.526475, 22.190937
1728226790, 113.105238, 22.395531
1728226790, 113.112215, 22.153967
1728226790, 113.521569, 22.182724
1728226791, 113.556046, 21.991860
1728226791, 113.365534, 22.081614
1728226791, 113.374814, 22.062491
1728226791, 113.341592, 22.397682
1728226791, 113.564782, 22.117945
1728226791, 113.102193, 22.045799
1728226791, 113.308003, 22.235895
1728226791, 113.456749, 21.987668
1728226791, 113.283845, 22.097956
1728226791, 113.466725, 22.108652
1728226791, 113.313472, 22.178264
1728226791, 113.384404, 22.313350
1728226791, 113.567834, 22.445807
1728226791, 113.156687, 22.219738
1728226791, 113.545308, 22.133448
1728226791, 113.152388, 22.331365
1728226791, 113.363130, 21.960351
1728226791, 113.669021, 22.359810
1728226791, 113.682147, 22.223494
1728226792, 113.208024, 22.214471
1728226792, 113.413291, 22.264660
1728226792, 113.691712, 22.340937
1728226792, 113.331956, 22.004449
1728226792, 113.329806, 22.340164
1728226792, 113.219096, 22.229094
1728226792, 113.629851, 22.054284
1728226792, 113.418173, 22.102213
1728226792, 113.239080, 22.258060
1728226792, 113.330391, 22.438258
1728226792, 113.564698, 22.104741
1728226792, 113.341164, 22.160158
1728226792, 113.549297, 22.054927
1728226792, 113.319863, 22.313454
1728226792, 113.619262, 22.070150
1728226792, 113.603898, 21.941046
1728226792, 113.175053, 21.938553
1728226792, 113.352502, 22.118475
1728226792, 113.523373, 21.986873
1728226792, 113.493456, 22.205763
1728226792, 113.297982, 22.235239
1728226792, 113.706150, 21.988550
1728226792, 113.391288, 21.932842
1728226792, 113.074769, 22.317211
1728226792, 113.177408, 22.196920
1728226792, 113.343509, 22.375987
1728226792, 113.239165, 22.466001
1728226792, 113.199015, 21.989833
1728226792, 113.597837, 22.014301
1728226792, 113.476148, 22.439477
1728226792, 113.415096, 22.115885
1728226792, 113.285333, 22.108566
1728226792, 113.345704, 21.972297
1728226792, 113.489038, 21.890540
1728226792, 113.521759, 21.940009
1728226792, 113.307638, 22.260667
1728226792, 113.270263, 22.179331
1728226792, 113.296382, 21.929141
1728226792, 113.569940, 22.303551
1728226792, 113.327470, 22.422676
1728226792, 113.700309, 22.148934
1728226792, 113.147605, 22.154271
1728226792, 113.267701, 22.267062
1728226792, 113.357376, 22.073815
1728226792, 113.613649, 22.359067
1728226792, 113.545987, 22.104749
1728226792, 113.134748, 22.310857
1728226792, 113.123701, 22.070576
1728226792, 113.511248, 22.041770
1728226792, 113.115182, 21.909079
1728226792, 113.632439, 22.308774
1728226792, 113.536295, 22.401435
1728226792, 113.387265, 22.232269
1728226792, 113.363462, 22.045750
1728226792, 113.381667, 22.304738
1728226792, 113.260543, 21.899352
1728226792, 113.497092, 21.985101
1728226792, 113.136585, 22.147204
1728226792, 113.616211, 22.083848
1728226792, 113.207572, 22.320177
1728226792, 113.079375, 22.419102
1728226792, 113.665189, 21.983309
1728226792, 113.435316, 22.065436
1728226792, 113.522143, 22.205490
1728226792, 113.280727, 21.911398
1728226792, 113.177096, 22.436255
1728226792, 113.428543, 21.890847
1728226792, 113.585733, 22.397995
1728226792, 113.154400, 22.463950
1728226792, 113.392902, 22.037284
1728226792, 113.221901, 22.423664
1728226792, 113.579127, 22.278462
1728226792, 113.297036, 22.298585
1728226792, 113.704899, 22.373922
1728226792, 113.348213, 21.923831
1728226792, 113.240575, 22.232810
1728226792, 113.341718, 22.304309
1728226792, 113.689920, 21.911255
1728226792, 113.549598, 22.023133
1728226792, 113.527011, 21.955047
1728226792, 113.357829, 22.054297
1728226792, 113.439210, 21.891074
1728226792, 113.702461, 21.887081
1728226792, 113.465880, 22.217479
1728226792, 113.317228, 22.179503
1728226792, 113.162258, 21.880950
1728226792, 113.113744, 22.140700
1728226792, 113.381526, 22.195034
1728226792, 113.536493, 21.956327
1728226792, 113.416462, 22.226925
1728226792, 113.695896, 21.993929
1728226792, 113.084479, 22.454134
1728226792, 113.546117, 22.110504
1728226792, 113.575454, 22.271756
1728226792, 113.485899, 22.137159
1728226792, 113.263980, 22.419598
1728226792, 113.480570, 22.300459
1728226792, 113.220981, 22.138088
1728226792, 113.578758, 22.042606
1728226792, 113.115461, 22.288564
1728226792, 113.088217, 22.137553
1728226792, 113.169402, 22.153146
1728226792, 113.238757, 22.320710
1728226792, 113.094338, 22.341383
1728226792, 113.192868, 22.153745
1728226792, 113.205348, 22.310015
1728226792, 113.663973, 21.939712
1728226792, 113.603582, 22.232486
1728226792, 113.706258, 22.288970
1728226793, 113.206724, 22.253592
1728226793, 113.547752, 22.114378
1728226793, 113.364581, 22.135796
1728226793, 113.163321, 22.353740
1728226793, 113.561144, 22.016574
1728226793, 113.672388, 22.035413
1728226793, 113.706104, 22.255261
1728226793, 113.215611, 22.087869
1728226793, 113.295721, 22.394610
1728226793, 113.147989, 22.459979
1728226793, 113.511493, 22.072852
1728226793, 113.266690, 22.194461
1728226793, 113.521224, 22.381271
1728226793, 113.449390, 21.900543
1728226793, 113.293490, 22.264920
1728226793, 113.095482, 22.122750
1728226793, 113.343192, 21.885438
1728226793, 113.388370, 22.021398
1728226793, 113.483087, 22.068032
1728226793, 113.630302, 21.987710
1728226793, 113.179093, 22.328593
1728226793, 113.170664, 21.984915
1728226793, 113.640337, 22.061783
1728226793, 113.192509, 22.140844
1728226793, 113.410380, 22.294948
1728226793, 113.659389, 21.968784
1728226793, 113.090800, 21.942271
1728226793, 113.162615, 21.979698
1728226793, 113.625839, 22.391265
1728226793, 113.493123, 22.054640
1728226793, 113.686073, 22.208628
1728226793, 113.512538, 22.266596
1728226793, 113.257774, 22.450935
1728226793, 113.335398, 22.106054
1728226793, 113.204106, 22.380863
1728226793, 113.586469, 22.202515
1728226793, 113.304568, 22.053731
1728226793, 113.410788, 22.174922
1728226793, 113.683111, 22.311442
1728226793, 113.594425, 22.232184
1728226793, 113.451656, 22.028010
1728226793, 113.330151, 22.145915
1728226793, 113.466457, 22.126308
1728226793, 113.537570, 21.937696
1728226793, 113.327129, 22.161062
1728226793, 113.421128, 21.915097
1728226793, 113.154727, 21.993700
1728226793, 113.335702, 21.909809
1728226793, 113.494619, 22.145672
1728226793, 113.428271, 21.978205
1728226793, 113.481245, 21.946412
1728226793, 113.456669, 22.035398
1728226793, 113.129576, 22.084045
1728226793, 113.220846, 22.383974
1728226793, 113.698176, 21.995488
1728226793, 113.298914, 22.267681
1728226793, 113.438320, 22.280394
1728226793, 113.512221, 22.062225
1728226793, 113.603373, 22.001084
1728226793, 113.285790, 22.109989
1728226793, 113.503233, 21.965803
1728226793, 113.478622, 22.432391
1728226793, 113.091322, 22.319510
1728226793, 113.365231, 22.293300
1728226793, 113.679433, 22.135967
1728226793, 113.480885, 21.889264
1728226793, 113.363363, 22.381768
1728226793, 113.674469, 22.193433
1728226793, 113.402218, 21.989956
1728226793, 113.394691, 22.445320
1728226793, 113.389990, 22.130927
1728226793, 113.431023, 22.058324
1728226793, 113.112692, 22.369032
1728226793, 113.580700, 21.936767
1728226793, 113.393949, 22.191914
1728226793, 113.675303, 21.904852
1728226793, 113.244303, 22.343496
1728226793, 113.271655, 22.131237
1728226793, 113.253832, 21.935349
1728226793, 113.530197, 22.260347
1728226793, 113.267744, 21.912027
1728226793, 113.265517, 22.363287
1728226793, 113.172718, 22.100313
1728226793, 113.638722, 21.896222
1728226793, 113.318920, 22.357309
1728226793, 113.249771, 22.298864
1728226793, 113.316219, 22.415976
1728226793, 113.372515, 22.417568
1728226793, 113.087762, 21.903093
1728226793, 113.608236, 22.432795
1728226793, 113.490946, 22.383189
1728226793, 113.081272, 22.391742
1728226793, 113.496882, 22.141237
1728226793, 113.554101, 21.935610
1728226793, 113.492035, 22.431474
1728226794, 113.184822, 22.174525
1728226794, 113.454641, 22.151517
1728226794, 113.445659, 21.959819
1728226794, 113.125028, 22.236205
1728226794, 113.073880, 21.901224
1728226794, 113.133822, 22.233655
1728226794, 113.458593, 22.421213
1728226794, 113.095497, 22.226776
1728226794, 113.074476, 22.023716
1728226794, 113.675455, 21.900019
1728226794, 113.446435, 22.172173
1728226794, 113.557381, 22.239242
1728226794, 113.245620, 21.949312
1728226794, 113.312486, 22.410239
1728226794, 113.646219, 22.010094
1728226794, 113.550863, 22.279910
1728226794, 113.363681, 21.988818
1728226794, 113.463434, 21.993809
1728226794, 113.522419, 22.235467
1728226794, 113.519320, 21.916710
1728226794, 113.149322, 22.137000
1728226794, 113.133909, 22.376934
1728226794, 113.290719, 22.460190
1728226794, 113.559589, 22.449877
1728226794, 113.289487, 22.206743
1728226794, 113.699752, 22.215811
1728226794, 113.507780, 22.226695
1728226794, 113.549248, 22.059708
1728226794, 113.241773, 22.165671
1728226794, 113.457415, 22.069203
1728226794, 113.211634, 22.326430
1728226794, 113.425436, 22.136131
1728226794, 113.640219, 22.224812
1728226794, 113.683196, 22.209219
1728226794, 113.509551, 22.467050
1728226794, 113.185966, 22.285474
1728226794, 113.474340, 22.142371
1728226794, 113.530871, 22.152400
1728226794, 113.094970, 22.377540
1728226794, 113.106591, 22.186286
1728226794, 113.194541, 22.466498
1728226794, 113.595942, 22.136214
1728226794, 113.586147, 21.895437
1728226794, 113.510751, 22.172862
1728226794, 113.610409, 22.032074
1728226794, 113.377097, 22.091421
1728226794, 113.132215, 22.236767
1728226794, 113.486672, 22.315083
1728226794, 113.358977, 22.142643
1728226794, 113.341165, 22.106317
1728226794, 113.467686, 22.191865
1728226794, 113.515973, 22.158056
1728226794, 113.444629, 22.389835
1728226794, 113.284376, 21.915425
1728226794, 113.146763, 22.219751
1728226794, 113.464129, 22.177517
1728226794, 113.194258, 22.163506
1728226794, 113.380965, 22.022522
1728226794, 113.516347, 22.243731
1728226794, 113.240502, 22.432542
1728226794, 113.256231, 21.880671
1728226794, 113.678557, 22.286944
1728226794, 113.655018, 22.104830
1728226794, 113.275630, 22.254634
1728226794, 113.513418, 22.174386
1728226794, 113.521317, 22.236827
1728226794, 113.536520, 22.010017
1728226794, 113.397326, 22.041789
1728226794, 113.277109, 22.094929
1728226794, 113.477000, 21.927503
1728226794, 113.623698, 22.405496
1728226794, 113.289262, 22.152777
1728226794, 113.622350, 22.367005
1728226794, 113.156505, 22.399183
1728226794, 113.325588, 22.461896
1728226794, 113.122515, 22.428979
1728226794, 113.505745, 22.259720
1728226794, 113.357300, 22.102722
1728226794, 113.536636, 22.062148
1728226794, 113.401169, 22.076241
1728226794, 113.252190, 21.957972
1728226794, 113.228943, 22.283101
1728226794, 113.631837, 22.111012
1728226794, 113.491581, 22.337813
1728226794, 113.230605, 21.886273
1728226794, 113.425474, 22.194507
1728226794, 113.514131, 22.160896
1728226794, 113.078458, 22.336923
1728226794, 113.518156, 22.215353
1728226794, 113.570082, 22.301863
1728226794, 113.283686, 22.221484
1728226794, 113.511352, 22.216520
1728226794, 113.286432, 22.293227
1728226794, 113.366174, 22.009414
1728226794, 113.397604, 22.074828
1728226794, 113.526918, 22.214512
1728226794, 113.241121, 22.380163
1728226794, 113.356756, 22.269884
1728226794, 113.197713, 22.466527
1728226794, 113.339843, 22.037232
1728226794, 113.100184, 22.095797
1728226794, 113.377898, 22.088855
1728226794, 113.359879, 22.142405
1728226794, 113.194793, 22.017533
1728226794, 113.569995, 22.208852
1728226794, 113.495198, 22.246437
1728226794, 113.517606, 22.319484
1728226794, 113.687207, 22.366132
1728226794, 113.529008, 22.200481
1728226794, 113.664800, 21.939399
1728226794, 113.141750, 22.220651
1728226794, 113.517930, 22.154971
1728226794, 113.565294, 22.390735
1728226794, 113.529219, 22.199371
1728226794, 113.367405, 21.892889
1728226794, 113.679358, 22.464113
1728226794, 113.382841, 22.188655
1728226794, 113.614485, 21.935184
1728226794, 113.463309, 21.961355
1728226794, 113.330220, 21.895142
1728226794, 113.558796, 21.954855
1728226794, 113.695012, 22.291149
1728226794, 113.643627, 22.175312
1728226794, 113.415670, 22.087780
1728226795, 113.526062, 21.931828
1728226795, 113.628247, 22.197315
1728226795, 113.402863, 22.433377
1728226795, 113.604247, 22.161374
1728226795, 113.522807, 22.235690
1728226795, 113.201590, 22.171587
1728226795, 113.429321, 22.197319
1728226795, 113.235866, 22.289710
1728226795, 113.702679, 22.393730
1728226795, 113.145160, 22.130486
1728226795, 113.376890, 22.092247
1728226795, 113.264510, 22.408631
1728226795, 113.315242, 21.902967
1728226795, 113.509732, 22.264228
1728226795, 113.656380, 21.974024
1728226795, 113.420728, 22.073552
1728226795, 113.330472, 22.189019
1728226795, 113.209473, 22.139370
1728226795, 113.387877, 22.051244
1728226795, 113.490398, 22.007063
1728226795, 113.354145, 22.248565
1728226795, 113.469328, 22.169852
1728226795, 113.130007, 22.172940
1728226795, 113.437962, 22.323855
1728226795, 113.462356, 22.185658
1728226795, 113.170446, 22.020631
1728226795, 113.290162, 22.146929
1728226795, 113.533811, 22.332616
1728226795, 113.507336, 22.171283
1728226795, 113.236015, 22.122410
1728226795, 113.377556, 22.403314
1728226795, 113.438842, 22.043331
1728226795, 113.322311, 22.260163
1728226795, 113.090349, 22.112473
1728226795, 113.077656, 21.996727
1728226795, 113.469611, 21.990646
1728226795, 113.522218, 22.235987
1728226795, 113.504021, 22.176429
1728226795, 113.556472, 22.105200
1728226795, 113.372484, 22.015683
1728226795, 113.075649, 22.271749
1728226795, 113.451026, 22.209403
1728226795, 113.688531, 22.193466
1728226795, 113.666940, 21.922222
1728226795, 113.241414, 21.999494
1728226795, 113.692781, 21.946223
1728226795, 113.347515, 22.454844
1728226795, 113.660247, 22.059631
1728226795, 113.590201, 22.254419
1728226795, 113.351408, 21.958439
1728226795, 113.120794, 22.464932
1728226795, 113.135568, 21.901165
1728226795, 113.472281, 22.036549
1728226795, 113.513107, 22.268742
1728226795, 113.320958, 22.397943
1728226795, 113.277839, 22.325209
1728226795, 113.530269, 22.226819
1728226795, 113.589994, 22.415900
1728226795, 113.277359, 22.464918
1728226795, 113.665838, 22.094852
1728226795, 113.496594, 22.221801
1728226795, 113.190186, 21.995000
1728226795, 113.359445, 22.042919
1728226795, 113.381204, 22.022435
1728226795, 113.239978, 22.389033
1728226795, 113.135162, 22.081943
1728226795, 113.509772, 22.217720
1728226795, 113.186206, 22.147478
1728226795, 113.671985, 22.371026
1728226795, 113.447379, 22.175211
1728226795, 113.196178, 22.022778
1728226795, 113.301904, 22.017700
1728226795, 113.385779, 22.174985
1728226795, 113.123581, 22.384642
1728226795, 113.542274, 22.218943
1728226795, 113.509690, 22.263607
1728226795, 113.538422, 22.444926
1728226795, 113.338422, 22.402289
1728226795, 113.504179, 22.176286
1728226795, 113.676723, 22.394684
1728226795, 113.706936, 22.331106
1728226795, 113.305835, 22.357831
1728226795, 113.096738, 22.100393
1728226795, 113.651082, 22.304321
1728226795, 113.539570, 22.412465
1728226795, 113.119120, 21.898835
1728226795, 113.535967, 22.151629
1728226795, 113.661022, 22.081860
1728226795, 113.330035, 22.329227
1728226795, 113.516138, 22.157792
1728226795, 113.096171, 22.232939
1728226795, 113.118787, 22.092036
1728226795, 113.452420, 22.108548
1728226795, 113.208444, 22.133574
1728226795, 113.238803, 22.407394
1728226795, 113.611333, 22.180213
1728226795, 113.093934, 22.154220
1728226795, 113.386200, 22.382652
1728226795, 113.149723, 22.189299
1728226795, 113.529219, 22.199371
1728226795, 113.394754, 22.075123
1728226795, 113.555609, 22.399323
1728226795, 113.453119, 22.101589
1728226795, 113.525717, 21.981009
1728226795, 113.245239, 22.063614
1728226795, 113.161803, 22.323397
1728226795, 113.672288, 21.889796
1728226795, 113.677943, 21.948716
1728226795, 113.521693, 22.209900
1728226795, 113.110591, 22.376707
1728226795, 113.522590, 22.235119
1728226795, 113.398642, 22.181398
1728226795, 113.634173, 21.914810
1728226795, 113.535559, 22.151976
1728226795, 113.161327, 22.402323
1728226795, 113.243659, 22.355923
1728226795, 113.581040, 21.896754
1728226795, 113.175192, 21.901449
1728226795, 113.245871, 22.023589
1728226795, 113.227514, 22.192013
1728226795, 113.343413, 22.251459
1728226796, 113.413832, 22.107515
1728226796, 113.320765, 22.143681
1728226796, 113.453362, 22.382032
1728226796, 113.392419, 22.408690
1728226796, 113.501454, 22.162348
1728226796, 113.211458, 22.207246
1728226796, 113.404374, 21.961979
1728226796, 113.136447, 22.265122
1728226796, 113.517654, 22.458314
1728226796, 113.484886, 22.320560
1728226796, 113.420481, 22.184034
1728226796, 113.522995, 22.235276
1728226796, 113.169602, 22.013233
1728226796, 113.300461, 22.031876
1728226796, 113.528447, 22.194606
1728226796, 113.514259, 22.160964
1728226796, 113.077295, 21.922086
1728226796, 113.291116, 21.958496
1728226796, 113.575656, 21.943665
1728226796, 113.529119, 22.200127
1728226796, 113.360991, 22.148329
1728226796, 113.543260, 22.363759
1728226796, 113.109827, 22.234600
1728226796, 113.651745, 21.886104
1728226796, 113.623004, 22.366161
1728226796, 113.437100, 21.995849
1728226796, 113.553384, 22.413624
1728226796, 113.348001, 22.234208
1728226796, 113.403590, 22.311891
1728226796, 113.394754, 22.075123
1728226796, 113.222332, 22.401608
1728226796, 113.654855, 21.910772
1728226796, 113.072885, 21.923650
1728226796, 113.467102, 22.176687
1728226796, 113.522892, 22.235654
1728226796, 113.291094, 22.127299
1728226796, 113.314487, 22.115140
1728226796, 113.674110, 21.998800
1728226796, 113.649800, 22.161742
1728226796, 113.552946, 21.987153
1728226796, 113.508090, 22.170661
1728226796, 113.455171, 22.253115
1728226796, 113.685022, 22.223965
1728226796, 113.402172, 22.049699
1728226796, 113.403922, 22.468635
1728226796, 113.522807, 22.235690
1728226796, 113.134845, 22.252182
1728226796, 113.148672, 22.151502
1728226796, 113.080335, 21.989659
1728226796, 113.331749, 22.142563
1728226796, 113.645404, 22.245912
1728226796, 113.349418, 22.128481
1728226796, 113.181207, 22.464601
1728226796, 113.559415, 22.039797
1728226796, 113.600560, 21.884137
1728226796, 113.137712, 22.120998
1728226796, 113.336404, 21.952601
1728226796, 113.650608, 22.111030
1728226796, 113.112933, 22.370850
1728226796, 113.710165, 22.267894
1728226796, 113.539197, 22.144884
1728226796, 113.652624, 21.926693
1728226796, 113.542563, 22.218867
1728226796, 113.141453, 22.291577
1728226796, 113.186476, 22.136022
1728226796, 113.635197, 22.084655
1728226796, 113.119716, 22.331668
1728226796, 113.435460, 22.431208
1728226796, 113.379763, 22.021359
1728226796, 113.208986, 22.040450
1728226796, 113.542327, 22.218950
1728226796, 113.216654, 22.238428
1728226796, 113.504065, 22.224105
1728226796, 113.648129, 22.168833
1728226796, 113.406021, 22.388011
1728226796, 113.685177, 22.017512
1728226796, 113.339238, 22.141279
1728226796, 113.283175, 21.974102
1728226796, 113.292648, 21.961189
1728226796, 113.352985, 21.924912
1728226796, 113.397091, 22.239274
1728226796, 113.697891, 22.155694
1728226796, 113.496459, 22.303628
1728226796, 113.516138, 22.157792
1728226796, 113.519398, 22.210637
1728226796, 113.682020, 22.179686
1728226796, 113.429528, 22.364810
1728226796, 113.489143, 22.367229
1728226796, 113.527920, 22.173412
1728226796, 113.186610, 22.396074
1728226796, 113.274728, 21.955050
1728226796, 113.634007, 21.912407
1728226796, 113.177651, 22.376046
1728226796, 113.482012, 21.905155
1728226796, 113.515994, 22.158022
1728226796, 113.656721, 22.021945
1728226796, 113.402235, 22.050185
1728226796, 113.532984, 21.940645
1728226796, 113.138695, 22.108922
1728226796, 113.397326, 22.041789
1728226796, 113.710842, 22.209855
1728226796, 113.570682, 22.080291
1728226796, 113.383595, 22.259518
1728226796, 113.600304, 22.056632
1728226796, 113.099441, 22.174723
1728226796, 113.627913, 22.294980
1728226796, 113.261524, 22.087623
1728226796, 113.541610, 22.218807
1728226796, 113.380884, 22.171989
1728226796, 113.512717, 22.173996
1728226796, 113.643479, 22.334756
1728226796, 113.453596, 21.947112
1728226796, 113.515764, 22.248946
1728226796, 113.199951, 21.960182
1728226796, 113.522892, 22.235654
1728226796, 113.572895, 21.903338
1728226796, 113.589927, 22.051047
1728226796, 113.270697, 22.080483
1728226796, 113.453422, 22.137066
1728226796, 113.185398, 21.964008
1728226796, 113.132719, 22.091548
1728226796, 113.237997, 21.927892
1728226796, 113.370551, 22.376065
1728226796, 113.516706, 22.213055
1728226796, 113.390936, 21.922136
1728226796, 113.502318, 22.175864
1728226796, 113.159414, 22.097289
1728226796, 113.565473, 21.995934
1728226796, 113.512799, 22.173881
1728226796, 113.461596, 22.061671
1728226796, 113.513556, 22.174359
1728226796, 113.361641, 22.140226
1728226796, 113.463507, 22.462303
1728226796, 113.368367, 22.125551
1728226796, 113.322306, 22.401307
1728226796, 113.232837, 22.224469
1728226797, 113.485634, 22.046698
1728226797, 113.513238, 22.174284
1728226797, 113.346171, 21.958290
1728226797, 113.421564, 22.181504
1728226797, 113.370516, 22.006602
1728226797, 113.358623, 22.084256
1728226797, 113.348959, 21.935344
1728226797, 113.441443, 21.938583
1728226797, 113.265602, 22.035327
1728226797, 113.415447, 22.409582
1728226797, 113.368295, 22.124757
1728226797, 113.521454, 22.236699
1728226797, 113.522728, 22.389344
1728226797, 113.467741, 22.215011
1728226797, 113.277769, 22.226617
1728226797, 113.312188, 22.061581
1728226797, 113.690900, 22.194970
1728226797, 113.261998, 22.468037
1728226797, 113.306458, 22.323699
1728226797, 113.377391, 22.089868
1728226797, 113.560135, 21.920609
1728226797, 113.450341, 22.467155
1728226797, 113.516185, 22.230604
1728226797, 113.257706, 21.893482
1728226797, 113.534250, 22.105975
1728226797, 113.082332, 22.130608
1728226797, 113.561537, 22.257968
1728226797, 113.151087, 21.966542
1728226797, 113.167874, 22.194225
1728226797, 113.504179, 22.224749
1728226797, 113.149207, 22.025243
1728226797, 113.248739, 22.212053
1728226797, 113.178471, 22.220108
1728226797, 113.311338, 22.107059
1728226797, 113.596212, 22.158160
1728226797, 113.190639, 21.949137
1728226797, 113.285383, 21.879813
1728226797, 113.225288, 22.465208
1728226797, 113.107265, 22.140571
1728226797, 113.620555, 22.465108
1728226797, 113.683249, 22.200377
1728226797, 113.558260, 22.034806
1728226797, 113.155783, 22.415828
1728226797, 113.463602, 22.255508
1728226797, 113.132235, 22.223228
1728226797, 113.465835, 21.950227
1728226797, 113.342396, 22.287631
1728226797, 113.673784, 22.352974
1728226797, 113.291422, 21.982795
1728226797, 113.256479, 22.402735
1728226797, 113.692684, 22.357155
1728226797, 113.074265, 21.916724
1728226797, 113.164577, 21.941640
1728226797, 113.570605, 22.281904
1728226797, 113.676347, 22.308777
1728226797, 113.405415, 22.287139
1728226797, 113.586264, 21.944636
1728226797, 113.708166, 22.248193
1728226797, 113.147634, 22.336303
1728226797, 113.176617, 22.204191
1728226797, 113.566635, 22.412035
1728226797, 113.609172, 22.291474
1728226797, 113.578999, 22.401504
1728226797, 113.323936, 22.448433
1728226797, 113.401330, 22.115080
1728226797, 113.425089, 22.194419
1728226797, 113.155108, 21.944218
1728226797, 113.708921, 22.207054
1728226797, 113.107082, 22.267209
1728226797, 113.695300, 22.010866
1728226797, 113.279298, 22.268080
1728226797, 113.396573, 22.346554
1728226797, 113.248833, 22.090123
1728226797, 113.188476, 22.426554
1728226797, 113.309745, 22.348749
1728226797, 113.263983, 22.468346
1728226797, 113.373305, 22.215039
1728226797, 113.135800, 21.921988
1728226797, 113.201728, 22.239150
1728226797, 113.499947, 21.907913
1728226797, 113.647157, 21.985722
1728226797, 113.200705, 21.882316
1728226797, 113.493191, 21.960458
1728226797, 113.376772, 22.364041
1728226797, 113.430721, 22.336871
1728226797, 113.381516, 22.375637
1728226797, 113.179469, 21.981604
1728226797, 113.498890, 22.222835
1728226797, 113.456399, 21.912890
1728226797, 113.529119, 22.200127
1728226797, 113.493561, 22.096346
1728226797, 113.276483, 21.888574
1728226797, 113.534830, 22.124836
1728226797, 113.203464, 22.076860
1728226797, 113.171183, 22.370415
1728226797, 113.541948, 22.139793
1728226797, 113.320965, 22.156416
1728226797, 113.131779, 22.406217
1728226797, 113.368673, 22.133622
1728226797, 113.432932, 21.905648
1728226797, 113.249144, 21.880025
1728226797, 113.535005, 22.179218
1728226797, 113.329280, 22.469142
1728226797, 113.701718, 22.346562
1728226797, 113.179352, 22.315813
1728226797, 113.468618, 22.121773
1728226797, 113.389718, 22.093854
1728226797, 113.433736, 22.113551
1728226797, 113.685084, 22.073236
1728226797, 113.606070, 22.215374
1728226797, 113.312831, 22.110070
1728226797, 113.358781, 22.392747
1728226797, 113.474314, 21.985051
1728226797, 113.162675, 22.284921
1728226797, 113.165230, 22.335275
1728226797, 113.398322, 22.011059
1728226798, 113.170006, 21.927844
1728226798, 113.220035, 22.076769
1728226798, 113.299651, 22.295035
1728226798, 113.375846, 22.167310
1728226798, 113.269365, 22.452148
1728226798, 113.525458, 22.462669
1728226798, 113.236369, 22.008775
1728226798, 113.552688, 21.917372
1728226798, 113.168478, 22.119116
1728226798, 113.361677, 22.119765
1728226798, 113.258815, 22.373739
1728226798, 113.221937, 21.946925
1728226798, 113.662234, 22.213692
1728226798, 113.495654, 22.465239
1728226798, 113.135195, 21.991645
1728226798, 113.267446, 22.042105
1728226798, 113.342066, 22.076043
1728226798, 113.501568, 22.336240
1728226798, 113.286034, 22.058099
1728226798, 113.275928, 22.052373
1728226798, 113.226129, 22.219976
1728226798, 113.493043, 22.269587
1728226798, 113.431092, 22.254045
1728226798, 113.250778, 21.992040
1728226798, 113.290729, 21.914355
1728226798, 113.709564, 22.343087
1728226798, 113.451352, 22.344576
1728226798, 113.710677, 22.054548
1728226798, 113.606777, 21.988371
1728226798, 113.388919, 21.945940
1728226798, 113.340809, 22.129575
1728226798, 113.673834, 21.915682
1728226798, 113.604831, 22.329053
1728226798, 113.094063, 22.188245
1728226798, 113.448586, 22.294372
1728226798, 113.326538, 22.368893
1728226798, 113.232772, 22.343495
1728226798, 113.362949, 22.101559
1728226798, 113.354569, 22.434167
1728226798, 113.075362, 22.273854
1728226798, 113.216190, 22.382173
1728226798, 113.701562, 22.322473
1728226798, 113.393785, 22.036045
1728226798, 113.480927, 22.310889
1728226798, 113.615674, 22.242620
1728226798, 113.124126, 22.180262
1728226798, 113.529832, 22.191328
1728226798, 113.285039, 22.174350
1728226798, 113.180791, 22.121233
1728226798, 113.707834, 22.342066
1728226798, 113.513207, 22.173944
1728226798, 113.560612, 21.983173
1728226798, 113.601324, 22.041382
1728226798, 113.633666, 22.409711
1728226798, 113.541878, 22.096665
1728226798, 113.178381, 22.029884
1728226798, 113.396229, 21.970534
1728226798, 113.173929, 22.428414
1728226798, 113.222533, 22.074724
1728226798, 113.666320, 21.968477
1728226798, 113.406422, 22.135834
1728226798, 113.501994, 22.175734
1728226798, 113.073924, 22.305697
1728226798, 113.548286, 22.213329
1728226798, 113.204230, 22.242677
1728226798, 113.232914, 22.182344
1728226798, 113.370241, 22.134878
1728226798, 113.406754, 22.057523
1728226798, 113.111502, 22.073773
1728226798, 113.145997, 22.299472
1728226798, 113.523870, 22.187576
1728226798, 113.089759, 22.165346
1728226798, 113.499494, 22.175328
1728226798, 113.336623, 22.340868
1728226798, 113.326475, 22.105173
1728226798, 113.465670, 22.364525
1728226798, 113.394287, 22.075310
1728226798, 113.368017, 22.012205
1728226798, 113.367638, 21.918590
1728226798, 113.393480, 22.192270
1728226798, 113.639741, 22.209453
1728226798, 113.182579, 22.025251
1728226798, 113.709247, 22.089901
1728226798, 113.322543, 21.972751
1728226798, 113.529004, 22.195348
1728226798, 113.273586, 21.895964
1728226798, 113.519170, 22.178484
1728226798, 113.694632, 21.923434
1728226798, 113.329990, 22.057306
1728226798, 113.710848, 22.379007
1728226798, 113.496883, 22.095301
1728226798, 113.679637, 22.308770
1728226798, 113.538812, 22.411720
1728226798, 113.414872, 22.467335
1728226798, 113.630290, 22.229005
1728226798, 113.413751, 22.034367
1728226798, 113.225886, 22.292823
1728226798, 113.357867, 22.144427
1728226798, 113.123352, 22.407482
1728226798, 113.488839, 22.171262
1728226798, 113.169474, 22.311594
1728226798, 113.633999, 22.457462
1728226798, 113.361294, 22.149235
1728226798, 113.362769, 22.020476
1728226798, 113.354400, 22.264252
1728226798, 113.450787, 22.278316
1728226798, 113.361267, 22.318698
1728226798, 113.500421, 22.232614
1728226798, 113.365805, 22.134791
1728226798, 113.666855, 22.267098
1728226798, 113.312731, 22.280241
1728226798, 113.529775, 22.308015
1728226798, 113.476357, 22.452566
1728226798, 113.360150, 22.321982
1728226798, 113.569874, 22.184374
1728226799, 113.700815, 22.182812
1728226799, 113.179403, 22.292644
1728226799, 113.615586, 22.016335
1728226799, 113.251052, 22.464506
1728226799, 113.253452, 22.265529
1728226799, 113.187342, 22.224074
1728226799, 113.411081, 21.918725
1728226799, 113.602414, 22.237220
1728226799, 113.513672, 22.173673
1728226799, 113.361724, 22.140021
1728226799, 113.378952, 22.430575
1728226799, 113.248700, 22.060928
1728226799, 113.501364, 22.175443
1728226799, 113.225600, 22.039868
1728226799, 113.584056, 22.372774
1728226799, 113.336287, 22.467964
1728226799, 113.364678, 22.136560
1728226799, 113.159749, 22.073451
1728226799, 113.253604, 21.898757
1728226799, 113.530417, 22.281147
1728226799, 113.107822, 22.161590
1728226799, 113.215666, 21.982379
1728226799, 113.191147, 22.359022
1728226799, 113.376623, 21.914062
1728226799, 113.307384, 22.405326
1728226799, 113.455360, 21.934308
1728226799, 113.294319, 22.171190
1728226799, 113.465547, 22.036955
1728226799, 113.625578, 22.180471
1728226799, 113.534225, 22.221467
1728226799, 113.166988, 22.183684
1728226799, 113.522717, 21.889478
1728226799, 113.078434, 22.457995
1728226799, 113.653651, 22.039660
1728226799, 113.412404, 22.283578
1728226799, 113.443904, 22.205622
1728226799, 113.444713, 21.901084
1728226799, 113.392967, 22.401393
1728226799, 113.525361, 22.379560
1728226799, 113.518595, 22.239204
1728226799, 113.659698, 21.929079
1728226799, 113.094063, 22.249089
1728226799, 113.598281, 22.350920
1728226799, 113.411805, 22.066942
1728226799, 113.097894, 21.955999
1728226799, 113.222130, 22.060378
1728226799, 113.370586, 22.025229
1728226799, 113.168030, 22.109924
1728226799, 113.692656, 22.334284
1728226799, 113.602912, 21.990512
1728226799, 113.095550, 21.914587
1728226799, 113.710468, 21.975186
1728226799, 113.466550, 21.909611
1728226799, 113.347510, 22.459235
1728226799, 113.490997, 22.411942
1728226799, 113.616558, 22.081700
1728226799, 113.535776, 21.960109
1728226799, 113.623447, 22.354793
1728226799, 113.330120, 21.943667
1728226799, 113.542490, 22.217490
1728226799, 113.514833, 22.257523
1728226799, 113.426197, 22.164630
1728226799, 113.195400, 22.408822
1728226799, 113.351295, 22.279818
1728226799, 113.457135, 22.208309
1728226799, 113.204843, 22.011336
1728226799, 113.203308, 22.174185
1728226799, 113.194001, 22.014437
1728226799, 113.288071, 21.935935
1728226799, 113.542215, 22.137607
1728226799, 113.562737, 22.176020
1728226799, 113.703799, 22.340957
1728226799, 113.230859, 21.942675
1728226799, 113.299518, 22.060945
1728226799, 113.518929, 22.211412
1728226799, 113.513195, 22.267878
1728226799, 113.375846, 22.167310
1728226799, 113.547751, 21.987432
1728226799, 113.162240, 22.467323
1728226799, 113.302101, 21.888519
1728226799, 113.524381, 22.042356
1728226799, 113.126618, 21.974370
1728226799, 113.514259, 22.160964
1728226799, 113.408650, 22.453993
1728226799, 113.298009, 21.988445
1728226799, 113.327278, 21.969004
1728226799, 113.382196, 22.226599
1728226799, 113.413872, 21.969214
1728226799, 113.450904, 21.980790
1728226799, 113.597157, 22.063345
1728226799, 113.177376, 21.960435
1728226799, 113.343227, 22.442569
1728226799, 113.250342, 22.148377
1728226799, 113.471081, 22.226682
1728226799, 113.343135, 22.131352
1728226799, 113.664066, 22.002202
1728226799, 113.369322, 22.120724
1728226799, 113.552042, 22.200794
1728226799, 113.656147, 22.293981
1728226799, 113.133074, 22.453471
1728226799, 113.208272, 22.214431
1728226799, 113.381265, 22.172314
1728226799, 113.375704, 22.348837
1728226799, 113.164987, 22.082979
1728226799, 113.510399, 22.430933
1728226799, 113.323575, 21.890047
1728226799, 113.318240, 21.999085
1728226799, 113.136822, 22.211193
1728226799, 113.448417, 22.416821
1728226799, 113.545035, 22.342456
1728226799, 113.537579, 22.217337
1728226799, 113.395767, 22.074863
1728226799, 113.480709, 22.072033
1728226799, 113.359493, 21.901945
1728226800, 113.513363, 22.215234
1728226800, 113.379602, 22.087128
1728226800, 113.380979, 22.171853
1728226800, 113.120876, 22.101068
1728226800, 113.239450, 22.457599
1728226800, 113.237558, 22.160407
1728226800, 113.444871, 22.317359
1728226800, 113.337528, 22.074427
1728226800, 113.159822, 22.282915
1728226800, 113.477821, 22.229619
1728226800, 113.383872, 21.886219
1728226800, 113.516719, 22.241579
1728226800, 113.543033, 22.303637
1728226800, 113.389683, 22.029235
1728226800, 113.311243, 22.091883
1728226800, 113.453019, 21.895284
1728226800, 113.507704, 22.170974
1728226800, 113.520225, 22.180202
1728226800, 113.207294, 22.204725
1728226800, 113.174036, 22.029983
1728226800, 113.507661, 22.000298
1728226800, 113.371137, 22.114700
1728226800, 113.168637, 22.315728
1728226800, 113.250864, 22.348297
1728226800, 113.264163, 22.065681
1728226800, 113.472005, 22.118129
1728226800, 113.306029, 22.452296
1728226800, 113.650132, 22.253544
1728226800, 113.110768, 21.919780
1728226800, 113.546478, 22.085096
1728226800, 113.084391, 21.903640
1728226800, 113.540424, 22.211193
1728226800, 113.459932, 22.224976
1728226800, 113.397389, 22.074978
1728226800, 113.535559, 22.151976
1728226800, 113.511742, 22.228384
1728226800, 113.236340, 22.379864
1728226800, 113.555616, 22.327566
1728226800, 113.703698, 22.303116
1728226800, 113.116737, 22.207745
1728226800, 113.216741, 22.228762
1728226800, 113.584699, 22.399526
1728226800, 113.202600, 21.940981
1728226800, 113.269795, 22.169472
1728226800, 113.204497, 22.037322
1728226800, 113.211224, 22.001702
1728226800, 113.426046, 21.887741
1728226800, 113.388138, 22.028103
1728226800, 113.180075, 22.026127
1728226800, 113.343190, 22.086770
1728226800, 113.357298, 22.302807
1728226800, 113.472840, 21.882670
1728226800, 113.408581, 22.072522
1728226800, 113.293427, 22.416954
1728226800, 113.516779, 22.176176
1728226800, 113.438686, 22.147905
1728226800, 113.659260, 22.432764
1728226800, 113.373871, 22.142679
1728226800, 113.708880, 22.406522
1728226800, 113.522218, 22.235987
1728226800, 113.456161, 21.927918
1728226800, 113.363724, 22.455764
1728226800, 113.629096, 22.121416
1728226800, 113.448161, 21.973324
1728226800, 113.374257, 22.396523
1728226800, 113.526558, 22.191433
1728226800, 113.622615, 22.304737
1728226800, 113.551080, 21.893352
1728226800, 113.536466, 22.151513
1728226800, 113.518055, 22.372367
1728226800, 113.086467, 21.893520
1728226800, 113.428802, 22.151992
1728226800, 113.389848, 22.273577
1728226800, 113.605880, 22.377731
1728226800, 113.619192, 22.342592
1728226800, 113.518075, 22.212205
1728226800, 113.380099, 21.934514
1728226800, 113.300545, 21.946091
1728226800, 113.407746, 22.185849
1728226800, 113.365457, 22.200687
1728226800, 113.514991, 22.159537
1728226800, 113.234458, 22.170603
1728226800, 113.375802, 22.183158
1728226800, 113.692295, 21.917619
1728226800, 113.232039, 22.036738
1728226800, 113.532187, 21.937631
1728226800, 113.364490, 22.310475
1728226800, 113.549358, 22.436723
1728226800, 113.528827, 22.194986
1728226800, 113.391995, 22.077050
1728226800, 113.656807, 21.948869
1728226800, 113.699611, 22.370099
1728226800, 113.528247, 22.132360
1728226800, 113.446803, 21.913788
1728226800, 113.291390, 22.164219
1728226800, 113.238316, 21.953144
1728226800, 113.522725, 22.235700
1728226800, 113.114324, 22.096766
1728226800, 113.499494, 22.175328
1728226800, 113.119466, 22.169164
1728226800, 113.685613, 21.987381
1728226800, 113.085597, 22.089575
1728226800, 113.564586, 21.923890
1728226800, 113.450429, 22.319188
1728226800, 113.441407, 22.319271
1728226800, 113.510940, 22.270948
1728226800, 113.526918, 22.214512
1728226800, 113.380884, 22.171989
1728226800, 113.148575, 22.031295
1728226800, 113.103903, 22.005990
1728226800, 113.622456, 22.348293
1728226800, 113.510436, 22.172390
1728226800, 113.128634, 21.893086
1728226800, 113.371398, 22.468152
1728226800, 113.347816, 22.303674
1728226800, 113.501569, 22.225699
1728226800, 113.650196, 22.461829
1728226800, 113.480890, 22.434050
1728226800, 113.537197, 22.144526
1728226800, 113.314665, 22.238782
1728226800, 113.212468, 22.040319
1728226800, 113.146942, 22.326128
1728226800, 113.522807, 22.235690
1728226800, 113.378171, 22.088805
1728226800, 113.356894, 22.442904
1728226800, 113.656449, 22.300120
1728226800, 113.546334, 21.890122
1728226801, 113.617048, 21.929257
1728226801, 113.544971, 22.274570
1728226801, 113.563950, 22.441687
1728226801, 113.508104, 22.170852
1728226801, 113.668274, 22.100939
1728226801, 113.110400, 22.237572
1728226801, 113.524950, 22.188877
1728226801, 113.363696, 22.253954
1728226801, 113.366550, 22.243858
1728226801, 113.606759, 22.109833
1728226801, 113.381071, 22.022336
1728226801, 113.620514, 22.102106
1728226801, 113.624423, 22.411878
1728226801, 113.462544, 21.919966
1728226801, 113.257649, 22.123621
1728226801, 113.415317, 22.344478
1728226801, 113.521370, 22.209967
1728226801, 113.498298, 22.177152
1728226801, 113.359047, 22.013974
1728226801, 113.077757, 21.988373
1728226801, 113.136090, 22.205392
1728226801, 113.163008, 22.326666
1728226801, 113.398151, 22.411296
1728226801, 113.640994, 22.043546
1728226801, 113.608535, 22.159990
1728226801, 113.427914, 22.042619
1728226801, 113.238036, 22.040397
1728226801, 113.122093, 22.162731
1728226801, 113.115874, 22.207016
1728226801, 113.117706, 22.347003
1728226801, 113.151194, 22.296842
1728226801, 113.306800, 22.275367
1728226801, 113.249806, 22.079420
1728226801, 113.363095, 22.443380
1728226801, 113.552799, 22.255786
1728226801, 113.170077, 22.230460
1728226801, 113.149196, 21.918814
1728226801, 113.510637, 22.172607
1728226801, 113.411447, 21.895787
1728226801, 113.534681, 22.220830
1728226801, 113.189695, 22.301642
1728226801, 113.376411, 22.300498
1728226801, 113.172221, 22.022712
1728226801, 113.203100, 22.368841
1728226801, 113.520633, 22.181118
1728226801, 113.274125, 22.313027
1728226801, 113.625847, 21.960470
1728226801, 113.480005, 22.329394
1728226801, 113.165938, 22.194304
1728226801, 113.089870, 22.442066
1728226801, 113.485799, 21.965997
1728226801, 113.365353, 22.154635
1728226801, 113.439261, 22.279367
1728226801, 113.515626, 22.368169
1728226801, 113.479306, 22.086644
1728226801, 113.639755, 22.451722
1728226801, 113.081790, 22.070371
1728226801, 113.559273, 22.236574
1728226801, 113.517322, 22.156320
1728226801, 113.263587, 22.393401
1728226801, 113.278790, 21.981715
1728226801, 113.383893, 22.176383
1728226801, 113.557929, 22.163180
1728226801, 113.297574, 22.063464
1728226801, 113.265583, 22.129109
1728226801, 113.526173, 22.190724
1728226801, 113.521819, 22.183293
1728226801, 113.495130, 22.244957
1728226801, 113.513649, 22.267661
1728226801, 113.168134, 22.043564
1728226801, 113.221812, 22.169165
1728226801, 113.530871, 22.152400
1728226801, 113.512535, 22.173889
1728226801, 113.457813, 22.399861
1728226801, 113.435543, 21.887867
1728226801, 113.387437, 22.019985
1728226801, 113.460674, 22.014954
1728226801, 113.602409, 22.106094
1728226801, 113.576221, 22.003776
1728226801, 113.568652, 22.217275
1728226801, 113.183375, 22.229927
1728226801, 113.627292, 22.464029
1728226801, 113.365870, 22.133984
1728226801, 113.451038, 22.097235
1728226801, 113.563913, 21.899431
1728226801, 113.696083, 21.965518
1728226801, 113.125890, 22.368750
1728226801, 113.407197, 22.414297
1728226801, 113.370801, 22.059491
1728226801, 113.543899, 22.088626
1728226801, 113.099581, 22.302184
1728226801, 113.487262, 22.139779
1728226801, 113.135183, 22.298861
1728226801, 113.506637, 22.427419
1728226801, 113.122241, 21.948553
1728226801, 113.227422, 22.119936
1728226801, 113.384298, 22.382310
1728226801, 113.537436, 22.143944
1728226801, 113.478786, 21.928688
1728226801, 113.189457, 22.044725
1728226801, 113.710199, 22.247649
1728226801, 113.377459, 22.090261
1728226801, 113.208494, 22.373935
1728226801, 113.253041, 22.350023
1728226801, 113.278153, 22.136634
1728226801, 113.685309, 22.083816
1728226801, 113.116004, 22.340910
1728226801, 113.313683, 22.200612
1728226801, 113.504057, 22.174512
1728226801, 113.540229, 22.429220
1728226801, 113.628289, 22.064560
1728226801, 113.190261, 21.990499
1728226801, 113.111724, 21.933868
1728226801, 113.519912, 22.153087
1728226801, 113.428192, 22.012656
1728226801, 113.417030, 22.354608
1728226801, 113.161736, 22.382788
1728226801, 113.594812, 21.913653
1728226801, 113.321503, 22.079427
1728226801, 113.510940, 22.270948
1728226801, 113.560432, 22.040272
1728226801, 113.527477, 22.119977
1728226801, 113.114305, 22.180181
1728226801, 113.469919, 21.914289
1728226801, 113.660928, 22.186018
1728226801, 113.353689, 21.926575
1728226801, 113.706321, 22.134378
1728226801, 113.112577, 21.890200
1728226802, 113.519854, 22.179470
1728226802, 113.656188, 21.961571
1728226802, 113.312474, 21.962278
1728226802, 113.114161, 22.071353
1728226802, 113.570289, 22.372783
1728226802, 113.420234, 22.055951
1728226802, 113.144417, 22.237055
1728226802, 113.235771, 22.461725
1728226802, 113.159966, 22.457676
1728226802, 113.621207, 22.268101
1728226802, 113.455164, 22.467401
1728226802, 113.503800, 22.095516
1728226802, 113.663834, 22.297136
1728226802, 113.135045, 22.022942
1728226802, 113.292334, 21.965427
1728226802, 113.669753, 22.272154
1728226802, 113.438585, 22.163325
1728226802, 113.207218, 21.958464
1728226802, 113.512413, 22.168946
1728226802, 113.686596, 22.228188
1728226802, 113.275611, 22.417142
1728226802, 113.623737, 22.091145
1728226802, 113.158265, 21.996649
1728226802, 113.527381, 22.203803
1728226802, 113.516478, 22.242600
1728226802, 113.245796, 22.154640
1728226802, 113.199377, 22.412606
1728226802, 113.598886, 22.314452
1728226802, 113.523084, 22.213747
1728226802, 113.415768, 22.294663
1728226802, 113.495131, 22.246276
1728226802, 113.483922, 22.189140
1728226802, 113.626352, 22.350041
1728226802, 113.566390, 22.105973
1728226802, 113.214744, 22.462677
1728226802, 113.537690, 22.143848
1728226802, 113.607581, 22.375187
1728226802, 113.397815, 22.184389
1728226802, 113.524136, 22.207920
1728226802, 113.529219, 22.199371
1728226802, 113.579035, 22.142286
1728226802, 113.344233, 21.882289
1728226802, 113.423170, 22.030562
1728226802, 113.671862, 22.206698
1728226802, 113.256669, 22.250866
1728226802, 113.402908, 22.102662
1728226802, 113.359548, 22.147177
1728226802, 113.659040, 21.929078
1728226802, 113.208193, 22.454172
1728226802, 113.313812, 22.386102
1728226802, 113.133491, 22.165772
1728226802, 113.125565, 22.369991
1728226802, 113.539411, 22.060613
1728226802, 113.614272, 21.922641
1728226802, 113.387433, 22.384385
1728226802, 113.627836, 22.118390
1728226802, 113.433928, 22.388389
1728226802, 113.094275, 22.366009
1728226802, 113.709715, 21.892892
1728226802, 113.078435, 22.238217
1728226802, 113.686086, 22.351670
1728226802, 113.533169, 22.371826
1728226802, 113.350391, 22.282761
1728226802, 113.582922, 22.297042
1728226802, 113.505947, 22.222068
1728226802, 113.200223, 22.054713
1728226802, 113.642351, 22.431730
1728226802, 113.555001, 22.374135
1728226802, 113.118324, 22.336494
1728226802, 113.397030, 22.041773
1728226802, 113.482339, 22.190343
1728226802, 113.151619, 21.902949
1728226802, 113.243471, 22.469026
1728226802, 113.522643, 22.235691
1728226802, 113.460521, 22.205331
1728226802, 113.198058, 22.193692
1728226802, 113.694831, 22.360944
1728226802, 113.465818, 22.297768
1728226802, 113.405795, 22.116427
1728226802, 113.704193, 22.210994
1728226802, 113.358198, 22.265855
1728226802, 113.650054, 21.891630
1728226802, 113.281659, 22.119361
1728226802, 113.514043, 21.895864
1728226802, 113.416739, 22.406389
1728226802, 113.140201, 21.952233
1728226802, 113.475554, 21.925269
1728226802, 113.360363, 22.406274
1728226802, 113.430904, 22.402656
1728226802, 113.098197, 22.202885
1728226802, 113.657127, 22.222818
1728226802, 113.518319, 22.154881
1728226802, 113.508254, 22.170139
1728226802, 113.231700, 22.331117
1728226802, 113.427203, 22.430918
1728226802, 113.493106, 22.252875
1728226802, 113.319714, 21.904564
1728226802, 113.521660, 22.080096
1728226802, 113.317319, 22.391841
1728226802, 113.300483, 22.056066
1728226802, 113.192912, 22.089346
1728226802, 113.553091, 22.313104
1728226802, 113.525323, 22.193448
1728226802, 113.129357, 22.447621
1728226802, 113.139384, 22.387595
1728226802, 113.254662, 22.349085
1728226802, 113.106906, 22.070532
1728226802, 113.368657, 22.012702
1728226802, 113.406422, 22.135834
1728226802, 113.522526, 22.235096
1728226802, 113.552801, 22.440067
1728226802, 113.337056, 21.907734
1728226802, 113.605757, 21.958053
1728226802, 113.108387, 21.944874
1728226802, 113.518629, 22.210343
1728226802, 113.508461, 22.255588
1728226802, 113.504284, 22.224072
1728226803, 113.359686, 22.144730
1728226803, 113.343742, 22.256419
1728226803, 113.323667, 22.429226
1728226803, 113.583251, 22.013935
1728226803, 113.173441, 21.911366
1728226803, 113.210254, 22.202879
1728226803, 113.378818, 22.249990
1728226803, 113.578529, 22.376779
1728226803, 113.273271, 22.352324
1728226803, 113.547586, 21.932613
1728226803, 113.691993, 21.890493
1728226803, 113.530441, 22.152506
1728226803, 113.669439, 22.288865
1728226803, 113.316438, 22.037406
1728226803, 113.688513, 22.044171
1728226803, 113.446131, 22.047509
1728226803, 113.251860, 22.186379
1728226803, 113.441219, 22.246507
1728226803, 113.334570, 22.009436
1728226803, 113.488050, 21.913039
1728226803, 113.675191, 22.354056
1728226803, 113.516478, 22.242600
1728226803, 113.518560, 22.252299
1728226803, 113.439988, 22.152710
1728226803, 113.426655, 22.409790
1728226803, 113.354357, 22.135330
1728226803, 113.160998, 22.403967
1728226803, 113.637912, 21.894788
1728226803, 113.190258, 22.331085
1728226803, 113.118077, 22.287170
1728226803, 113.622095, 21.951921
1728226803, 113.297852, 22.355477
1728226803, 113.691956, 22.098989
1728226803, 113.178560, 21.990017
1728226803, 113.516138, 22.157792
1728226803, 113.397178, 22.361365
1728226803, 113.589540, 22.406429
1728226803, 113.303630, 22.187256
1728226803, 113.295152, 21.959496
1728226803, 113.362525, 22.371296
1728226803, 113.267459, 22.299522
1728226803, 113.291803, 22.189372
1728226803, 113.560261, 22.092396
1728226803, 113.081571, 22.325872
1728226803, 113.630857, 22.289568
1728226803, 113.349864, 21.932135
1728226803, 113.215463, 22.162696
1728226803, 113.131628, 22.033928
1728226803, 113.240928, 21.933662
1728226803, 113.525024, 22.207149
1728226803, 113.146438, 22.338819
1728226803, 113.530866, 22.152220
1728226803, 113.539428, 22.202711
1728226803, 113.450168, 22.085212
1728226803, 113.573912, 22.141148
1728226803, 113.255780, 22.333245
1728226803, 113.513556, 22.174359
1728226803, 113.274667, 22.021975
1728226803, 113.523827, 22.217880
1728226803, 113.475345, 22.093462
1728226803, 113.541948, 22.139793
1728226803, 113.283443, 22.436876
1728226803, 113.464245, 22.031178
1728226803, 113.289574, 22.095996
1728226803, 113.397769, 22.100455
1728226803, 113.694410, 22.002425
1728226803, 113.383234, 22.406015
1728226803, 113.579351, 22.289262
1728226803, 113.244159, 21.949640
1728226803, 113.523026, 22.235353
1728226803, 113.152167, 22.373904
1728226803, 113.176297, 22.153868
1728226803, 113.684894, 21.953825
1728226803, 113.174959, 22.456430
1728226803, 113.079047, 21.978652
1728226803, 113.515303, 22.253213
1728226803, 113.316082, 22.003907
1728226803, 113.574014, 22.179424
1728226803, 113.531075, 21.973288
1728226803, 113.359029, 22.200743
1728226803, 113.289564, 22.293837
1728226803, 113.699121, 22.391713
1728226803, 113.198294, 21.924803
1728226803, 113.537579, 22.217337
1728226803, 113.523032, 22.235439
1728226803, 113.431171, 22.329767
1728226803, 113.162133, 21.939437
1728226803, 113.680825, 22.187937
1728226803, 113.534231, 22.222949
1728226803, 113.256068, 22.092141
1728226803, 113.400362, 22.342608
1728226803, 113.481440, 22.167999
1728226803, 113.232140, 22.086276
1728226803, 113.662716, 22.283319
1728226803, 113.415031, 22.027554
1728226803, 113.646067, 22.117286
1728226803, 113.673265, 21.897092
1728226803, 113.204995, 22.284606
1728226803, 113.491350, 21.915991
1728226803, 113.368998, 22.159936
1728226803, 113.363989, 22.324101
1728226803, 113.622201, 22.385906
1728226803, 113.396507, 22.023540
1728226803, 113.324043, 22.235604
1728226803, 113.095723, 22.072830
1728226803, 113.383327, 22.197395
1728226803, 113.500538, 22.014683
1728226803, 113.324872, 22.221295
1728226803, 113.377226, 22.376354
1728226803, 113.427434, 22.216349
1728226803, 113.657841, 22.302516
1728226803, 113.525024, 22.207149
1728226803, 113.273757, 21.946321
1728226803, 113.572295, 22.448871
1728226803, 113.593414, 22.177771
1728226803, 113.502051, 22.228395
1728226803, 113.365303, 22.008379
1728226803, 113.538317, 22.149193
1728226803, 113.578264, 22.447283
1728226804, 113.123732, 22.213394
1728226804, 113.357183, 22.194484
1728226804, 113.494125, 22.322889
1728226804, 113.517311, 22.403730
1728226804, 113.191851, 22.006256
1728226804, 113.278036, 21.898428
1728226804, 113.081426, 22.232159
1728226804, 113.593006, 22.250974
1728226804, 113.668880, 22.410601
1728226804, 113.527256, 22.302219
1728226804, 113.201497, 22.206214
1728226804, 113.214440, 22.046735
1728226804, 113.423814, 22.235621
1728226804, 113.082433, 21.966906
1728226804, 113.576439, 22.050162
1728226804, 113.528553, 22.194522
1728226804, 113.279213, 22.006907
1728226804, 113.076861, 22.142661
1728226804, 113.511342, 22.270500
1728226804, 113.680673, 22.165822
1728226804, 113.508834, 22.088278
1728226804, 113.368303, 22.159028
1728226804, 113.527668, 22.193326
1728226804, 113.276698, 21.881768
1728226804, 113.495246, 22.244306
1728226804, 113.613653, 22.248689
1728226804, 113.280930, 21.930132
1728226804, 113.331345, 21.916253
1728226804, 113.188895, 22.272661
1728226804, 113.529109, 22.199354
1728226804, 113.453150, 22.210590
1728226804, 113.304770, 22.387044
1728226804, 113.093484, 22.224487
1728226804, 113.169068, 22.130924
1728226804, 113.504642, 22.175751
1728226804, 113.112408, 21.961069
1728226804, 113.661859, 22.201249
1728226804, 113.571568, 22.082634
1728226804, 113.382905, 22.300500
1728226804, 113.162017, 22.206670
1728226804, 113.357883, 22.452756
1728226804, 113.404121, 22.133483
1728226804, 113.532998, 22.223155
1728226804, 113.573749, 22.007654
1728226804, 113.376122, 22.426181
1728226804, 113.560603, 22.095282
1728226804, 113.458816, 22.215447
1728226804, 113.212425, 21.915633
1728226804, 113.369254, 22.060587
1728226804, 113.368500, 21.995990
1728226804, 113.690295, 22.354412
1728226804, 113.277838, 22.175913
1728226804, 113.406938, 21.982592
1728226804, 113.082813, 22.031750
1728226804, 113.273908, 22.042708
1728226804, 113.320759, 22.443564
1728226804, 113.356763, 21.979660
1728226804, 113.578369, 22.268693
1728226804, 113.416865, 22.189967
1728226804, 113.097575, 22.332679
1728226804, 113.257163, 22.004528
1728226804, 113.508523, 22.174044
1728226804, 113.171184, 22.353516
1728226804, 113.454410, 22.428051
1728226804, 113.386401, 22.071372
1728226804, 113.600570, 22.079194
1728226804, 113.524350, 22.467350
1728226804, 113.605480, 22.311354
1728226804, 113.190095, 22.382305
1728226804, 113.524456, 22.272027
1728226804, 113.130760, 22.095437
1728226804, 113.323326, 21.930923
1728226804, 113.516719, 22.241579
1728226804, 113.462898, 22.081083
1728226804, 113.330537, 22.086805
1728226804, 113.542202, 22.137888
1728226804, 113.366244, 21.930496
1728226804, 113.387637, 22.207264
1728226804, 113.258023, 21.907135
1728226804, 113.473737, 22.243196
1728226804, 113.267071, 22.010190
1728226804, 113.497180, 22.124309
1728226804, 113.525023, 22.201381
1728226804, 113.375302, 22.114537
1728226804, 113.511980, 22.210244
1728226804, 113.286230, 22.074398
1728226804, 113.141789, 22.038332
1728226804, 113.122727, 22.311601
1728226804, 113.518595, 22.239204
1728226804, 113.172487, 22.393001
1728226804, 113.542407, 22.123166
1728226804, 113.202683, 22.335004
1728226804, 113.442665, 22.173549
1728226804, 113.427847, 21.936317
1728226804, 113.411805, 22.066942
1728226804, 113.551797, 22.249636
1728226804, 113.154359, 22.254409
1728226804, 113.551521, 22.090531
1728226804, 113.217262, 21.987255
1728226804, 113.158903, 22.312821
1728226804, 113.481665, 22.219155
1728226804, 113.369234, 22.159970
1728226804, 113.521317, 22.236827
1728226804, 113.495969, 22.130246
1728226804, 113.488203, 21.947702
1728226804, 113.514131, 22.160896
1728226804, 113.388990, 22.028803
1728226804, 113.503263, 22.389048
1728226804, 113.377188, 22.269372
1728226804, 113.210971, 22.394425
1728226804, 113.616251, 22.056550
1728226804, 113.614648, 21.896650
1728226804, 113.514632, 22.259140
1728226804, 113.260084, 22.175393
1728226804, 113.341758, 22.416606
1728226804, 113.688083, 22.287852
1728226804, 113.647053, 22.058882
1728226804, 113.400994, 22.222328
1728226804, 113.568598, 21.938197
1728226805, 113.633902, 21.914043
1728226805, 113.305581, 21.883486
1728226805, 113.571494, 22.167093
1728226805, 113.483527, 22.231249
1728226805, 113.426911, 22.077224
1728226805, 113.638166, 21.981830
1728226805, 113.656944, 22.120182
1728226805, 113.369862, 22.206532
1728226805, 113.431316, 22.317133
1728226805, 113.365851, 22.008854
1728226805, 113.432965, 22.100912
1728226805, 113.517727, 22.210988
1728226805, 113.176687, 22.120081
1728226805, 113.367333, 22.129284
1728226805, 113.528553, 22.194522
1728226805, 113.199664, 22.334627
1728226805, 113.495215, 22.163141
1728226805, 113.110734, 21.926957
1728226805, 113.552787, 22.407661
1728226805, 113.473570, 22.034201
1728226805, 113.561115, 22.295407
1728226805, 113.094151, 22.166837
1728226805, 113.351038, 22.453997
1728226805, 113.252270, 22.273444
1728226805, 113.356867, 22.318475
1728226805, 113.344827, 22.334930
1728226805, 113.662149, 22.133191
1728226805, 113.559749, 22.138500
1728226805, 113.631473, 22.212516
1728226805, 113.176564, 22.135076
1728226805, 113.447637, 22.207334
1728226805, 113.152847, 22.000430
1728226805, 113.500108, 22.175210
1728226805, 113.395767, 22.074863
1728226805, 113.074014, 22.381608
1728226805, 113.138393, 21.903989
1728226805, 113.359031, 22.192492
1728226805, 113.661159, 22.283546
1728226805, 113.701660, 22.355944
1728226805, 113.243999, 22.422616
1728226805, 113.078815, 22.346122
1728226805, 113.534842, 22.223513
1728226805, 113.221864, 22.147209
1728226805, 113.648241, 21.977339
1728226805, 113.208521, 22.024524
1728226805, 113.473140, 22.248748
1728226805, 113.315279, 22.111120
1728226805, 113.507621, 22.171111
1728226805, 113.425267, 22.189517
1728226805, 113.325422, 22.033929
1728226805, 113.694739, 22.118843
1728226805, 113.465605, 22.214310
1728226805, 113.580344, 22.265086
1728226805, 113.117443, 22.338291
1728226805, 113.500979, 22.175316
1728226805, 113.590524, 22.319368
1728226805, 113.493591, 22.013797
1728226805, 113.592317, 21.955582
1728226805, 113.476706, 22.092289
1728226805, 113.292991, 22.405197
1728226805, 113.637143, 22.169723
1728226805, 113.591355, 22.443046
1728226805, 113.562896, 22.315936
1728226805, 113.496978, 22.353161
1728226805, 113.305920, 22.133450
1728226805, 113.374131, 22.103243
1728226805, 113.498745, 22.177128
1728226805, 113.150678, 22.200368
1728226805, 113.473484, 21.987084
1728226805, 113.657314, 22.047093
1728226805, 113.334099, 22.039768
1728226805, 113.539510, 22.141805
1728226805, 113.643428, 22.417117
1728226805, 113.445553, 22.220215
1728226805, 113.371573, 22.014962
1728226805, 113.359925, 22.146449
1728226805, 113.495302, 22.254186
1728226805, 113.513191, 22.268150
1728226805, 113.506797, 22.220883
1728226805, 113.357919, 22.293238
1728226805, 113.512387, 21.974650
1728226805, 113.243851, 22.139097
1728226805, 113.145881, 22.279614
1728226805, 113.572137, 21.892092
1728226805, 113.097113, 21.879504
1728226805, 113.440170, 22.339099
1728226805, 113.483441, 22.016126
1728226805, 113.473573, 21.891005
1728226805, 113.633376, 22.093600
1728226805, 113.579107, 22.150401
1728226805, 113.198619, 22.095523
1728226805, 113.185075, 22.184409
1728226805, 113.604938, 22.350278
1728226805, 113.518020, 22.210484
1728226805, 113.411805, 22.066942
1728226805, 113.578573, 22.385249
1728226805, 113.518487, 22.177762
1728226805, 113.338271, 22.026252
1728226805, 113.497850, 21.949283
1728226805, 113.382970, 22.023775
1728226805, 113.382412, 22.074141
1728226805, 113.393472, 22.213471
1728226805, 113.538507, 22.148622
1728226805, 113.395685, 22.078554
1728226805, 113.128201, 22.300042
1728226805, 113.387846, 22.027614
1728226805, 113.534177, 22.221534
1728226805, 113.516706, 22.213055
1728226805, 113.382934, 22.239695
1728226805, 113.203354, 22.123710
1728226805, 113.105244, 21.981725
1728226805, 113.504765, 22.225096
1728226805, 113.460457, 22.355413
1728226805, 113.475567, 22.065122
1728226805, 113.182221, 22.299014
1728226805, 113.290141, 22.415892
1728226805, 113.415872, 21.951051
1728226805, 113.182728, 22.439651
1728226805, 113.132506, 22.166985
1728226805, 113.702868, 22.413920
1728226805, 113.390103, 22.278093
1728226805, 113.150325, 22.134900
1728226805, 113.149982, 22.305564
1728226805, 113.493452, 22.121181
1728226805, 113.707788, 22.221838
1728226805, 113.476002, 21.978770
1728226805, 113.410553, 22.069467
1728226805, 113.106487, 21.937340
1728226805, 113.534581, 22.152275
1728226805, 113.381204, 22.022435
1728226805, 113.115525, 22.115870
1728226805, 113.549181, 22.288457
1728226805, 113.577094, 22.380735
1728226805, 113.531335, 22.338224
1728226806, 113.481304, 21.897102
1728226806, 113.368526, 22.124916
1728226806, 113.517137, 21.929789
1728226806, 113.514378, 22.214577
1728226806, 113.349962, 22.136665
1728226806, 113.587902, 21.909059
1728226806, 113.302565, 22.117258
1728226806, 113.087539, 22.251966
1728226806, 113.250425, 22.410160
1728226806, 113.205408, 22.038321
1728226806, 113.359497, 22.142176
1728226806, 113.115474, 22.154561
1728226806, 113.104781, 22.421478
1728226806, 113.495834, 22.424003
1728226806, 113.591695, 21.927715
1728226806, 113.414495, 22.000676
1728226806, 113.539087, 22.145824
1728226806, 113.605150, 22.340665
1728226806, 113.146421, 21.964920
1728226806, 113.228753, 22.177523
1728226806, 113.370402, 21.934233
1728226806, 113.278974, 21.966543
1728226806, 113.445778, 22.353357
1728226806, 113.522892, 22.235654
1728226806, 113.642107, 21.943590
1728226806, 113.333267, 21.898777
1728226806, 113.530654, 22.152402
1728226806, 113.535344, 22.220018
1728226806, 113.573636, 22.260180
1728226806, 113.707172, 22.402604
1728226806, 113.242340, 21.946570
1728226806, 113.093937, 22.416665
1728226806, 113.253204, 22.229501
1728226806, 113.447816, 21.961091
1728226806, 113.369933, 22.205183
1728226806, 113.310140, 22.400202
1728226806, 113.599831, 22.126195
1728226806, 113.236303, 22.457599
1728226806, 113.596280, 22.296852
1728226806, 113.169096, 22.191423
1728226806, 113.503292, 22.225231
1728226806, 113.591035, 22.061693
1728226806, 113.275462, 22.030195
1728226806, 113.506056, 22.221817
1728226806, 113.131456, 22.296505
1728226806, 113.512896, 22.229004
1728226806, 113.205739, 22.169134
1728226806, 113.376993, 22.096756
1728226806, 113.401713, 22.098811
1728226806, 113.264854, 22.205736
1728226806, 113.491964, 21.979262
1728226806, 113.313179, 22.410701
1728226806, 113.579382, 22.330579
1728226806, 113.302066, 22.080073
1728226806, 113.270192, 22.288074
1728226806, 113.411174, 22.427041
1728226806, 113.354654, 22.013895
1728226806, 113.369110, 22.267587
1728226806, 113.285157, 22.033561
1728226806, 113.247169, 22.391546
1728226806, 113.205993, 22.284814
1728226806, 113.651326, 22.142930
1728226806, 113.537288, 22.375028
1728226806, 113.554827, 22.218289
1728226806, 113.220058, 22.191043
1728226806, 113.707664, 22.168219
1728226806, 113.480867, 22.063008
1728226806, 113.362580, 21.955278
1728226806, 113.623474, 22.169545
1728226806, 113.526606, 22.279967
1728226806, 113.606638, 22.050776
1728226806, 113.104373, 22.043998
1728226806, 113.496685, 22.193538
1728226806, 113.411593, 22.065997
1728226806, 113.411033, 22.068683
1728226806, 113.288045, 22.097376
1728226806, 113.539456, 21.918438
1728226806, 113.505975, 22.177560
1728226806, 113.567221, 22.234397
1728226806, 113.377146, 22.304475
1728226806, 113.142349, 22.295338
1728226806, 113.430923, 21.961068
1728226806, 113.711277, 22.400318
1728226806, 113.653533, 22.374624
1728226806, 113.654589, 22.171350
1728226806, 113.091129, 22.007336
1728226806, 113.505655, 22.222447
1728226806, 113.607650, 21.905179
1728226806, 113.539273, 22.143955
1728226806, 113.127366, 22.357204
1728226806, 113.244818, 22.251636
1728226806, 113.371327, 22.113182
1728226806, 113.514632, 22.259140
1728226806, 113.696002, 22.184909
1728226806, 113.357662, 22.264757
1728226806, 113.137900, 22.030792
1728226806, 113.261380, 21.941253
1728226806, 113.392556, 22.359459
1728226806, 113.214161, 21.922416
1728226806, 113.496801, 22.428099
1728226806, 113.389382, 21.980493
1728226806, 113.314831, 22.462630
1728226806, 113.361244, 21.990328
1728226806, 113.310644, 22.227811
1728226806, 113.682688, 21.976470
1728226806, 113.661566, 22.098033
1728226806, 113.703380, 22.431675
1728226806, 113.250371, 22.072951
1728226806, 113.540051, 22.143973
1728226806, 113.246458, 22.140401
1728226806, 113.522567, 22.235661
1728226806, 113.562147, 22.132921
1728226806, 113.199933, 22.031104
1728226806, 113.241805, 21.942725
1728226806, 113.618616, 22.314357
1728226806, 113.353676, 22.046356
1728226806, 113.516440, 22.175676
1728226806, 113.451026, 22.209403
1728226806, 113.597453, 22.142663
1728226806, 113.402682, 22.076945
1728226807, 113.189092, 22.084650
1728226807, 113.076887, 22.143935
1728226807, 113.522320, 22.235892
1728226807, 113.207914, 22.123163
1728226807, 113.703609, 22.207485
1728226807, 113.091910, 22.294786
1728226807, 113.411905, 22.152719
1728226807, 113.210549, 22.395618
1728226807, 113.280999, 22.194000
1728226807, 113.367156, 22.002923
1728226807, 113.560613, 22.294545
1728226807, 113.615027, 21.885110
1728226807, 113.612226, 22.368690
1728226807, 113.148450, 22.097077
1728226807, 113.611774, 22.113272
1728226807, 113.391089, 22.005524
1728226807, 113.373732, 22.188998
1728226807, 113.164866, 22.121920
1728226807, 113.312769, 22.182990
1728226807, 113.386984, 21.885718
1728226807, 113.301641, 22.307689
1728226807, 113.370265, 21.972966
1728226807, 113.507177, 21.912298
1728226807, 113.557831, 22.204579
1728226807, 113.577381, 22.198285
1728226807, 113.299943, 22.278923
1728226807, 113.174767, 22.433020
1728226807, 113.326315, 22.118403
1728226807, 113.631842, 22.140361
1728226807, 113.154605, 22.281696
1728226807, 113.696577, 22.362699
1728226807, 113.080191, 22.208516
1728226807, 113.160119, 22.408494
1728226807, 113.589791, 22.251883
1728226807, 113.337892, 22.144245
1728226807, 113.280433, 22.147798
1728226807, 113.307285, 21.973667
1728226807, 113.513164, 22.343882
1728226807, 113.085393, 22.048974
1728226807, 113.435191, 22.203662
1728226807, 113.433321, 22.163889
1728226807, 113.133886, 22.424345
1728226807, 113.192738, 22.468109
1728226807, 113.199458, 22.205826
1728226807, 113.309527, 22.233700
1728226807, 113.395262, 22.355445
1728226807, 113.547765, 21.998190
1728226807, 113.408475, 22.138539
1728226807, 113.455405, 22.005791
1728226807, 113.401777, 22.076687
1728226807, 113.527361, 22.383118
1728226807, 113.125311, 21.933559
1728226807, 113.361864, 21.957316
1728226807, 113.213990, 22.163419
1728226807, 113.711537, 22.409177
1728226807, 113.522913, 22.186204
1728226807, 113.206580, 22.140674
1728226807, 113.561684, 22.058104
1728226807, 113.313613, 22.424839
1728226807, 113.371004, 22.189708
1728226807, 113.335646, 21.940804
1728226807, 113.255301, 22.384565
1728226807, 113.135273, 22.077738
1728226807, 113.384032, 22.152279
1728226807, 113.296075, 22.064467
1728226807, 113.381071, 22.022336
1728226807, 113.455029, 21.899278
1728226807, 113.674813, 21.887318
1728226807, 113.103724, 21.952743
1728226807, 113.365805, 22.134791
1728226807, 113.576832, 21.953088
1728226807, 113.420394, 22.245967
1728226807, 113.210807, 22.251262
1728226807, 113.361641, 22.140226
1728226807, 113.126907, 22.441175
1728226807, 113.394975, 22.143701
1728226807, 113.513835, 22.267012
1728226807, 113.369997, 21.917026
1728226807, 113.242481, 22.376049
1728226807, 113.142899, 22.410387
1728226807, 113.542540, 22.107519
1728226807, 113.199164, 22.219129
1728226807, 113.270725, 22.128345
1728226807, 113.688579, 22.450981
1728226807, 113.359470, 22.248850
1728226807, 113.639079, 21.881477
1728226807, 113.128289, 21.913240
1728226807, 113.565907, 22.096679
1728226807, 113.345935, 22.324355
1728226807, 113.532732, 22.223477
1728226807, 113.522995, 22.235276
1728226807, 113.128719, 22.423313
1728226807, 113.513614, 21.943018
1728226807, 113.552325, 22.457867
1728226807, 113.439236, 22.100471
1728226807, 113.397853, 22.299925
1728226807, 113.375454, 21.958882
1728226807, 113.153439, 22.182932
1728226807, 113.444560, 21.965479
1728226807, 113.560106, 22.239335
1728226807, 113.245691, 22.352036
1728226807, 113.485915, 22.457038
1728226807, 113.446737, 22.035438
1728226807, 113.284442, 22.272182
1728226807, 113.429321, 22.197319
1728226807, 113.546254, 22.103188
1728226807, 113.627002, 22.415244
1728226808, 113.442861, 22.040961
1728226808, 113.378469, 22.052602
1728226808, 113.477703, 22.347657
1728226808, 113.621924, 22.080389
1728226808, 113.288620, 22.171610
1728226808, 113.522643, 22.235691
1728226808, 113.522814, 22.152560
1728226808, 113.520640, 22.210514
1728226808, 113.214341, 22.409333
1728226808, 113.584209, 22.054385
1728226808, 113.519662, 21.995980
1728226808, 113.128140, 22.383420
1728226808, 113.689638, 22.103591
1728226808, 113.236909, 22.327284
1728226808, 113.080270, 21.950766
1728226808, 113.518075, 22.212205
1728226808, 113.076813, 21.971681
1728226808, 113.522814, 22.152560
1728226808, 113.301351, 22.102160
1728226808, 113.420257, 22.257621
1728226808, 113.376069, 22.165100
1728226808, 113.158435, 22.079104
1728226808, 113.648801, 22.227109
1728226808, 113.676262, 22.367063
1728226808, 113.617641, 22.108748
1728226808, 113.615350, 21.892664
1728226808, 113.208673, 22.263734
1728226808, 113.455710, 22.112678
1728226808, 113.122026, 22.277241
1728226808, 113.619541, 22.268613
1728226808, 113.403842, 21.958695
1728226808, 113.512186, 22.433437
1728226808, 113.207246, 22.359852
1728226808, 113.425153, 22.095110
1728226808, 113.533238, 22.007147
1728226808, 113.605031, 21.894197
1728226808, 113.709960, 22.350971
1728226808, 113.327025, 22.125488
1728226808, 113.510832, 22.360177
1728226808, 113.522941, 22.235210
1728226808, 113.513363, 22.215234
1728226808, 113.275151, 22.235862
1728226808, 113.459244, 22.197831
1728226808, 113.453851, 21.935938
1728226808, 113.402361, 21.977829
1728226808, 113.514821, 22.257673
1728226808, 113.510436, 22.172390
1728226808, 113.078603, 22.331615
1728226808, 113.418695, 22.455738
1728226808, 113.511224, 22.000655
1728226808, 113.555079, 22.228965
1728226808, 113.620744, 22.223052
1728226808, 113.519314, 22.265934
1728226808, 113.454091, 22.286152
1728226808, 113.648592, 21.957979
1728226808, 113.685824, 22.396784
1728226808, 113.544403, 22.165419
1728226808, 113.336203, 22.149664
1728226808, 113.081664, 21.960409
1728226808, 113.504179, 22.224749
1728226808, 113.688546, 22.157668
1728226808, 113.527668, 22.193326
1728226808, 113.542563, 22.218867
1728226808, 113.677595, 22.082213
1728226808, 113.687658, 22.062595
1728226808, 113.704354, 22.023610
1728226808, 113.672131, 22.043030
1728226808, 113.134497, 21.993581
1728226808, 113.691451, 22.051642
1728226808, 113.395543, 22.074896
1728226808, 113.241659, 22.362158
1728226808, 113.325582, 22.144134
1728226808, 113.273735, 22.061176
1728226808, 113.547463, 21.923358
1728226808, 113.192430, 22.268856
1728226808, 113.591175, 22.431796
1728226808, 113.512821, 22.391984
1728226808, 113.130963, 22.460390
1728226808, 113.094490, 22.337650
1728226808, 113.498372, 22.236890
1728226808, 113.249404, 21.971326
1728226808, 113.261890, 22.316988
1728226808, 113.695182, 22.132340
1728226808, 113.521091, 22.181639
1728226808, 113.320842, 22.428559
1728226808, 113.537232, 22.386378
1728226808, 113.351886, 22.295581
1728226808, 113.569031, 22.398359
1728226808, 113.339934, 22.201502
1728226808, 113.528463, 22.321377
1728226808, 113.502160, 22.389390
1728226808, 113.514378, 22.214577
1728226808, 113.527668, 22.193326
1728226808, 113.462614, 22.314495
1728226808, 113.528446, 22.194368
1728226808, 113.073251, 22.095501
1728226808, 113.403850, 22.286958
1728226808, 113.289034, 22.381845
1728226808, 113.661712, 22.331833
1728226808, 113.668928, 22.056696
1728226808, 113.387846, 22.027614
1728226808, 113.251030, 22.444439
1728226808, 113.678091, 22.261618
1728226808, 113.305512, 22.413726
1728226808, 113.391995, 22.077050
1728226808, 113.307872, 22.286433
1728226808, 113.344671, 22.398388
1728226808, 113.352974, 22.249475
1728226808, 113.328303, 22.241089
1728226808, 113.564668, 22.010674
1728226808, 113.423996, 22.284524
1728226808, 113.499109, 22.175464
1728226808, 113.487556, 22.379629
1728226808, 113.539812, 21.993853
1728226808, 113.411033, 22.068683
1728226808, 113.564103, 22.134119
1728226808, 113.520419, 22.180106
1728226808, 113.442377, 22.362536
1728226808, 113.504930, 22.188758
1728226808, 113.538675, 22.148556
1728226808, 113.146439, 22.130698
1728226808, 113.496166, 22.392022
1728226808, 113.163610, 22.445045
1728226808, 113.091701, 21.915834
1728226809, 113.247706, 22.242951
1728226809, 113.103350, 22.275931
1728226809, 113.349711, 21.930760
1728226809, 113.412826, 22.127632
1728226809, 113.305710, 21.910029
1728226809, 113.506003, 22.136384
1728226809, 113.149860, 22.176247
1728226809, 113.319474, 22.030060
1728226809, 113.507013, 22.171781
1728226809, 113.524977, 21.947575
1728226809, 113.526578, 22.357463
1728226809, 113.402014, 22.049444
1728226809, 113.384301, 22.434990
1728226809, 113.365039, 22.072189
1728226809, 113.538191, 22.146268
1728226809, 113.460607, 22.003163
1728226809, 113.344444, 22.022349
1728226809, 113.147957, 22.280493
1728226809, 113.482030, 22.283146
1728226809, 113.148517, 21.983221
1728226809, 113.292234, 22.028834
1728226809, 113.319525, 22.100884
1728226809, 113.425415, 22.194611
1728226809, 113.247615, 22.264620
1728226809, 113.682800, 22.125062
1728226809, 113.566813, 21.968822
1728226809, 113.203106, 21.940578
1728226809, 113.657872, 22.137470
1728226809, 113.535431, 22.152031
1728226809, 113.444406, 22.290016
1728226809, 113.288779, 22.296803
1728226809, 113.526136, 22.190412
1728226809, 113.631511, 22.318262
1728226809, 113.395873, 22.215971
1728226809, 113.218101, 22.365113
1728226809, 113.148176, 22.432270
1728226809, 113.386288, 22.361855
1728226809, 113.282439, 22.367362
1728226809, 113.485461, 22.349930
1728226809, 113.345639, 22.020517
1728226809, 113.463465, 22.468828
1728226809, 113.263744, 22.337606
1728226809, 113.266492, 22.371896
1728226809, 113.228186, 21.881304
1728226809, 113.389683, 22.029235
1728226809, 113.663759, 22.361760
1728226809, 113.308050, 22.071907
1728226809, 113.455347, 22.154195
1728226809, 113.637962, 22.451822
1728226809, 113.537221, 22.144203
1728226809, 113.581126, 22.020705
1728226809, 113.539783, 22.011437
1728226809, 113.272741, 21.940140
1728226809, 113.525548, 22.414835
1728226809, 113.664430, 22.317834
1728226809, 113.615106, 22.253978
1728226809, 113.496594, 22.221801
1728226809, 113.534810, 22.433585
1728226809, 113.656518, 22.228692
1728226809, 113.258116, 22.033881
1728226809, 113.317277, 22.294323
1728226809, 113.304512, 21.883733
1728226809, 113.507583, 22.170907
1728226809, 113.167787, 22.441953
1728226809, 113.611125, 22.380748
1728226809, 113.526136, 22.190412
1728226809, 113.292326, 22.069067
1728226809, 113.339589, 22.076447
1728226809, 113.361616, 21.905587
1728226809, 113.263161, 22.254105
1728226809, 113.615326, 22.296585
1728226809, 113.535820, 22.195271
1728226809, 113.095936, 22.353983
1728226809, 113.473117, 22.446177
1728226809, 113.632034, 22.311539
1728226809, 113.289645, 22.006517
1728226809, 113.511593, 21.901839
1728226809, 113.203005, 22.302268
1728226809, 113.415567, 22.228088
1728226809, 113.291839, 22.058240
1728226809, 113.394287, 22.075310
1728226809, 113.253808, 22.327937
1728226809, 113.183529, 22.094791
1728226809, 113.113718, 22.237153
1728226809, 113.523032, 22.235439
1728226809, 113.647415, 22.236766
1728226809, 113.519547, 22.211195
1728226809, 113.239535, 22.229954
1728226809, 113.514019, 22.214814
1728226809, 113.495879, 22.466912
1728226809, 113.515921, 22.247460
1728226809, 113.506797, 22.099333
1728226809, 113.162421, 21.916845
1728226809, 113.093113, 22.001162
1728226809, 113.486657, 22.431207
1728226809, 113.387885, 22.027644
1728226809, 113.630715, 22.043382
1728226809, 113.368526, 22.124916
1728226809, 113.209230, 22.386946
1728226809, 113.621100, 21.918885
1728226809, 113.159677, 22.227529
1728226809, 113.125573, 21.971077
1728226809, 113.431115, 21.951018
1728226809, 113.169670, 22.108841
1728226809, 113.214477, 22.208540
1728226809, 113.349014, 22.451458
1728226809, 113.227582, 22.327208
1728226809, 113.304696, 21.941143
1728226809, 113.083854, 22.401982
1728226809, 113.654456, 22.185469
1728226809, 113.439814, 22.450330
1728226809, 113.298848, 22.140214
1728226809, 113.280032, 22.175512
1728226809, 113.485607, 22.219991
1728226809, 113.564366, 22.055931
1728226809, 113.685493, 22.093684
1728226809, 113.373814, 22.097312
1728226809, 113.108183, 22.023039
1728226809, 113.269798, 21.996373
1728226809, 113.440855, 22.320632
1728226809, 113.522526, 22.235096
1728226809, 113.696662, 22.213607
1728226809, 113.449658, 21.885176
1728226809, 113.462287, 22.282452
1728226809, 113.391961, 22.198941
1728226809, 113.655034, 22.377384
1728226809, 113.553540, 22.398683
1728226809, 113.171491, 21.883658
1728226810, 113.476528, 22.006833
1728226810, 113.506005, 22.173354
1728226810, 113.579014, 21.917013
1728226810, 113.670496, 22.050953
1728226810, 113.505690, 22.435667
1728226810, 113.176290, 22.294953
1728226810, 113.236758, 21.924863
1728226810, 113.525902, 22.190061
1728226810, 113.130202, 22.404628
1728226810, 113.105939, 22.038540
1728226810, 113.539499, 22.142183
1728226810, 113.606621, 22.000649
1728226810, 113.514144, 22.290238
1728226810, 113.380410, 22.021842
1728226810, 113.243651, 22.364322
1728226810, 113.560400, 22.240603
1728226810, 113.322475, 22.261033
1728226810, 113.632601, 22.200857
1728226810, 113.118647, 22.173053
1728226810, 113.596497, 22.100106
1728226810, 113.410779, 21.893153
1728226810, 113.353813, 22.422808
1728226810, 113.578204, 22.273376
1728226810, 113.520512, 22.237315
1728226810, 113.542327, 22.218950
1728226810, 113.489332, 22.447740
1728226810, 113.194758, 21.935603
1728226810, 113.209373, 22.317563
1728226810, 113.475690, 22.137588
1728226810, 113.707585, 22.268366
1728226810, 113.514019, 22.214814
1728226810, 113.199995, 22.335909
1728226810, 113.362844, 22.009258
1728226810, 113.428133, 22.092771
1728226810, 113.404530, 22.324749
1728226810, 113.677017, 22.057247
1728226810, 113.617379, 22.138825
1728226810, 113.138110, 22.054269
1728226810, 113.538953, 22.147060
1728226810, 113.132677, 22.037915
1728226810, 113.284298, 22.256449
1728226810, 113.079913, 22.260146
1728226810, 113.559563, 21.937865
1728226810, 113.615722, 22.464170
1728226810, 113.421065, 22.162113
1728226810, 113.386957, 22.066170
1728226810, 113.080633, 22.429483
1728226810, 113.368489, 22.012860
1728226810, 113.256332, 21.887492
1728226810, 113.095102, 21.913953
1728226810, 113.246300, 22.024062
1728226810, 113.558324, 22.191742
1728226810, 113.371102, 22.114049
1728226810, 113.402625, 22.076930
1728226810, 113.570994, 22.207556
1728226810, 113.331047, 22.173829
1728226810, 113.550434, 22.020637
1728226810, 113.395217, 21.953519
1728226810, 113.398559, 22.043780
1728226810, 113.128475, 21.947166
1728226810, 113.522892, 22.235654
1728226810, 113.650370, 22.450352
1728226810, 113.116096, 22.401700
1728226810, 113.643038, 22.020800
1728226810, 113.539087, 22.145824
1728226810, 113.686708, 22.188401
1728226810, 113.178636, 22.271712
1728226810, 113.235855, 22.138324
1728226810, 113.572369, 22.217228
1728226810, 113.518003, 22.211460
1728226810, 113.333432, 22.223424
1728226810, 113.432011, 22.198959
1728226810, 113.695594, 21.982184
1728226810, 113.447083, 22.261913
1728226810, 113.411033, 22.068683
1728226810, 113.372195, 22.015450
1728226810, 113.388376, 21.949629
1728226810, 113.524845, 22.356963
1728226810, 113.145052, 22.072589
1728226810, 113.512896, 22.229004
1728226810, 113.414577, 21.942541
1728226810, 113.276035, 22.362519
1728226810, 113.647213, 22.180494
1728226810, 113.349962, 22.136665
1728226810, 113.315965, 21.968392
1728226810, 113.589267, 22.086564
1728226810, 113.490049, 22.042582
1728226810, 113.697697, 22.389809
1728226810, 113.458935, 21.930082
1728226810, 113.161535, 22.407272
1728226810, 113.455637, 21.884024
1728226810, 113.259651, 21.969258
1728226810, 113.510451, 22.271458
1728226810, 113.137852, 21.882688
1728226810, 113.116577, 22.018614
1728226810, 113.675326, 22.337216
1728226810, 113.358738, 22.214169
1728226810, 113.469094, 22.315615
1728226810, 113.591014, 22.109375
1728226810, 113.142687, 22.304630
1728226810, 113.486309, 22.234451
1728226810, 113.170402, 22.260897
1728226810, 113.665708, 22.309896
1728226810, 113.208375, 21.994301
1728226810, 113.379272, 22.116125
1728226810, 113.519752, 22.238214
1728226810, 113.559363, 21.969187
1728226810, 113.332380, 22.269375
1728226810, 113.081906, 22.269946
1728226810, 113.521613, 22.364877
1728226810, 113.507395, 22.171451
1728226810, 113.289221, 22.004527
1728226810, 113.451691, 22.075470
1728226810, 113.539710, 22.138269
1728226810, 113.557936, 22.354007
1728226810, 113.343128, 22.014107
1728226811, 113.096902, 22.149900
1728226811, 113.488569, 21.905153
1728226811, 113.170858, 22.246232
1728226811, 113.396897, 22.057548
1728226811, 113.460832, 22.125566
1728226811, 113.466164, 22.318694
1728226811, 113.397487, 22.025441
1728226811, 113.512627, 22.173780
1728226811, 113.368262, 22.124901
1728226811, 113.095010, 22.096848
1728226811, 113.380965, 22.022522
1728226811, 113.402416, 22.050484
1728226811, 113.080694, 22.035392
1728226811, 113.177402, 22.136388
1728226811, 113.094295, 22.325755
1728226811, 113.509732, 22.264228
1728226811, 113.357754, 22.185138
1728226811, 113.689031, 21.960391
1728226811, 113.497708, 22.161957
1728226811, 113.243469, 21.937913
1728226811, 113.387128, 22.261160
1728226811, 113.539015, 22.154724
1728226811, 113.320428, 22.447736
1728226811, 113.511002, 22.398168
1728226811, 113.553409, 22.359903
1728226811, 113.301970, 22.011501
1728226811, 113.344596, 22.414774
1728226811, 113.295587, 21.886938
1728226811, 113.395049, 22.072599
1728226811, 113.237677, 22.372238
1728226811, 113.311839, 21.886708
1728226811, 113.560688, 22.255217
1728226811, 113.580451, 21.930280
1728226811, 113.447120, 21.893138
1728226811, 113.706669, 22.357049
1728226811, 113.689416, 21.936303
1728226811, 113.091366, 22.398705
1728226811, 113.113400, 22.464741
1728226811, 113.216351, 22.124674
1728226811, 113.301715, 22.293838
1728226811, 113.092129, 22.412842
1728226811, 113.110245, 22.391338
1728226811, 113.657143, 22.325014
1728226811, 113.306278, 22.104408
1728226811, 113.302024, 22.049336
1728226811, 113.462859, 22.120122
1728226811, 113.100247, 22.321609
1728226811, 113.391278, 22.077358
1728226811, 113.592518, 22.398793
1728226811, 113.539570, 22.140988
1728226811, 113.270043, 22.173252
1728226811, 113.542575, 22.217296
1728226811, 113.510451, 22.271458
1728226811, 113.685969, 22.235937
1728226811, 113.706618, 22.098175
1728226811, 113.473449, 21.967757
1728226811, 113.539570, 22.140988
1728226811, 113.106180, 22.090649
1728226811, 113.131564, 21.974496
1728226811, 113.272828, 22.033990
1728226811, 113.397326, 22.041789
1728226811, 113.524457, 22.271007
1728226811, 113.522725, 22.235700
1728226811, 113.536888, 22.306809
1728226811, 113.347155, 22.168328
1728226811, 113.338187, 22.127564
1728226811, 113.701672, 22.281549
1728226811, 113.398642, 22.181398
1728226811, 113.495841, 22.247130
1728226811, 113.571983, 22.395137
1728226811, 113.640027, 22.450451
1728226811, 113.384276, 22.353773
1728226811, 113.223770, 22.169890
1728226811, 113.499709, 21.934122
1728226811, 113.119236, 22.440550
1728226811, 113.500421, 22.232614
1728226811, 113.118272, 21.895157
1728226811, 113.498817, 22.235925
1728226811, 113.281500, 22.404286
1728226811, 113.557861, 22.175633
1728226811, 113.506056, 22.221817
1728226811, 113.151359, 21.939905
1728226811, 113.508567, 22.169665
1728226811, 113.554386, 22.373913
1728226811, 113.362720, 22.072817
1728226811, 113.087347, 22.267377
1728226811, 113.665952, 22.416379
1728226811, 113.411394, 22.067703
1728226811, 113.127833, 21.907247
1728226811, 113.174406, 21.951300
1728226811, 113.574286, 22.346995
1728226811, 113.672909, 21.888379
1728226811, 113.316922, 22.170591
1728226811, 113.521317, 22.236827
1728226811, 113.445297, 22.019097
1728226811, 113.171892, 21.894180
1728226811, 113.214919, 22.272902
1728226811, 113.574222, 22.224160
1728226811, 113.195997, 22.161199
1728226811, 113.225587, 21.972027
1728226811, 113.407179, 22.310369
1728226811, 113.552994, 22.031207
1728226811, 113.289578, 22.327216
1728226811, 113.430058, 22.059919
1728226811, 113.283488, 21.965399
1728226811, 113.384239, 21.884503
1728226811, 113.513207, 22.173944
1728226811, 113.665770, 22.321632
1728226811, 113.561613, 22.103043
1728226811, 113.332072, 21.907412
1728226811, 113.478990, 22.230168
1728226811, 113.324362, 21.968222
1728226811, 113.186195, 21.885782
1728226811, 113.292938, 22.135696
1728226811, 113.243168, 22.249581
1728226811, 113.402172, 22.049699
1728226811, 113.330165, 21.991339
1728226811, 113.666443, 22.412372
1728226811, 113.262140, 22.156391
1728226811, 113.707864, 22.366943
1728226811, 113.244172, 22.097473
1728226811, 113.419189, 22.160546
1728226811, 113.425131, 22.439737
1728226811, 113.217219, 22.165527
1728226811, 113.326234, 22.409388
1728226811, 113.365973, 21.888049
1728226811, 113.407274, 22.275085
1728226811, 113.475327, 22.447762
1728226811, 113.496427, 21.955180
1728226811, 113.145913, 21.933393
1728226811, 113.539570, 22.140988
1728226811, 113.608354, 22.337315
1728226812, 113.382504, 22.255243
1728226812, 113.288815, 22.173478
1728226812, 113.465485, 22.022794
1728226812, 113.170796, 22.272166
1728226812, 113.205133, 22.463473
1728226812, 113.217145, 22.405321
1728226812, 113.389416, 22.156631
1728226812, 113.461616, 22.230626
1728226812, 113.662966, 22.028378
1728226812, 113.287833, 22.052816
1728226812, 113.356762, 22.352849
1728226812, 113.490591, 22.454663
1728226812, 113.518595, 22.239204
1728226812, 113.388265, 22.429277
1728226812, 113.592591, 21.997707
1728226812, 113.509733, 22.264570
1728226812, 113.379432, 22.111740
1728226812, 113.137121, 22.446358
1728226812, 113.498780, 22.175604
1728226812, 113.636149, 21.968059
1728226812, 113.566970, 22.179087
1728226812, 113.561948, 22.246734
1728226812, 113.293461, 22.454724
1728226812, 113.592772, 21.956769
1728226812, 113.567237, 22.280219
1728226812, 113.252066, 22.154276
1728226812, 113.366921, 22.043756
1728226812, 113.418164, 22.185841
1728226812, 113.327475, 22.045987
1728226812, 113.614660, 22.240823
1728226812, 113.415995, 22.081773
1728226812, 113.118759, 22.459716
1728226812, 113.159045, 22.045343
1728226812, 113.499009, 22.177052
1728226812, 113.077406, 22.321610
1728226812, 113.629790, 21.939238
1728226812, 113.320549, 22.326679
1728226812, 113.205222, 22.134681
1728226812, 113.119367, 21.904002
1728226812, 113.397030, 22.041773
1728226812, 113.348319, 22.305252
1728226812, 113.581179, 22.151002
1728226812, 113.625589, 22.054277
1728226812, 113.296066, 22.168026
1728226812, 113.163178, 22.209125
1728226812, 113.519623, 22.153505
1728226812, 113.629563, 21.881824
1728226812, 113.520640, 22.210514
1728226812, 113.142000, 21.976996
1728226812, 113.299864, 22.444407
1728226812, 113.530726, 22.226239
1728226812, 113.584748, 22.265451
1728226812, 113.699342, 22.330960
1728226812, 113.078287, 22.067516
1728226812, 113.680019, 22.388571
1728226812, 113.681832, 22.345762
1728226812, 113.423236, 22.306905
1728226812, 113.386442, 22.094145
1728226812, 113.567598, 22.452444
1728226812, 113.319970, 21.991029
1728226812, 113.586064, 22.070182
1728226812, 113.450303, 21.996741
1728226812, 113.638104, 22.131292
1728226812, 113.384901, 21.921635
1728226812, 113.430527, 22.095709
1728226812, 113.529231, 22.197436
1728226812, 113.666188, 21.939269
1728226812, 113.555031, 21.990139
1728226812, 113.654937, 22.254558
1728226812, 113.313885, 22.067353
1728226812, 113.681878, 22.102471
1728226812, 113.516435, 22.242881
1728226812, 113.429121, 22.460335
1728226812, 113.172138, 22.102868
1728226812, 113.430971, 22.204868
1728226812, 113.495214, 22.244486
1728226812, 113.530191, 22.340622
1728226812, 113.134798, 22.090227
1728226812, 113.437714, 22.074139
1728226812, 113.516364, 22.243568
1728226812, 113.270633, 22.163489
1728226812, 113.545439, 22.074755
1728226812, 113.383869, 22.263268
1728226812, 113.508475, 22.393061
1728226812, 113.530726, 22.226239
1728226812, 113.514064, 22.174099
1728226812, 113.648247, 21.944719
1728226812, 113.411148, 22.064779
1728226812, 113.111132, 22.383973
1728226812, 113.123579, 22.071111
1728226812, 113.609334, 22.084805
1728226812, 113.414220, 22.064207
1728226812, 113.085442, 22.188402
1728226812, 113.298128, 22.159772
1728226812, 113.521095, 22.181964
1728226812, 113.443596, 22.353467
1728226812, 113.412175, 22.074805
1728226812, 113.307328, 22.191194
1728226812, 113.508050, 22.029138
1728226812, 113.521626, 21.994293
1728226812, 113.706464, 21.906609
1728226812, 113.453125, 22.079293
1728226812, 113.411148, 22.064779
1728226812, 113.244416, 22.414220
1728226812, 113.485209, 22.088206
1728226812, 113.156476, 22.088075
1728226812, 113.375162, 22.426009
1728226812, 113.101659, 22.196436
1728226812, 113.161554, 22.444879
1728226812, 113.456157, 21.997395
1728226812, 113.666657, 22.265162
1728226812, 113.617762, 22.137806
1728226812, 113.254894, 22.460874
1728226812, 113.248332, 22.012661
1728226812, 113.633465, 21.961301
1728226812, 113.477201, 22.430831
1728226812, 113.454986, 22.280749
1728226813, 113.540684, 22.304308
1728226813, 113.628130, 22.228014
1728226813, 113.438484, 22.202504
1728226813, 113.255695, 21.891694
1728226813, 113.416662, 22.276298
1728226813, 113.467861, 21.895204
1728226813, 113.118630, 22.064090
1728226813, 113.353454, 22.451763
1728226813, 113.611338, 21.901636
1728226813, 113.222986, 22.053822
1728226813, 113.367279, 22.011657
1728226813, 113.280379, 22.309912
1728226813, 113.285773, 21.932028
1728226813, 113.498913, 22.458458
1728226813, 113.702454, 22.356348
1728226813, 113.526313, 22.191038
1728226813, 113.213593, 22.008116
1728226813, 113.230765, 22.437006
1728226813, 113.429906, 22.193191
1728226813, 113.324602, 22.468788
1728226813, 113.620981, 21.992258
1728226813, 113.709471, 22.441057
1728226813, 113.699389, 21.937821
1728226813, 113.595309, 22.042519
1728226813, 113.548542, 22.389929
1728226813, 113.167569, 22.334856
1728226813, 113.400844, 22.292813
1728226813, 113.513411, 22.174228
1728226813, 113.490394, 21.885971
1728226813, 113.226105, 22.288023
1728226813, 113.259320, 21.918427
1728226813, 113.404146, 22.442893
1728226813, 113.664283, 21.996387
1728226813, 113.436723, 22.097703
1728226813, 113.125255, 22.179433
1728226813, 113.498804, 21.931918
1728226813, 113.281706, 22.151818
1728226813, 113.538936, 22.058040
1728226813, 113.674366, 22.099861
1728226813, 113.271304, 21.992676
1728226813, 113.553928, 22.097518
1728226813, 113.258510, 22.452580
1728226813, 113.297177, 22.261528
1728226813, 113.503252, 22.249588
1728226813, 113.364334, 22.009308
1728226813, 113.523663, 22.321828
1728226813, 113.324568, 22.440637
1728226813, 113.426730, 22.195286
1728226813, 113.551088, 22.167956
1728226813, 113.513975, 22.265551
1728226813, 113.638981, 22.115592
1728226813, 113.279488, 21.954060
1728226813, 113.217500, 22.397209
1728226813, 113.446407, 22.192835
1728226813, 113.514693, 22.301077
1728226813, 113.532841, 22.389737
1728226813, 113.522725, 22.235700
1728226813, 113.072841, 22.010074
1728226813, 113.514182, 22.263456
1728226813, 113.105641, 21.975181
1728226813, 113.219699, 21.965807
1728226813, 113.367191, 21.981690
1728226813, 113.252624, 21.974117
1728226813, 113.442185, 22.387290
1728226813, 113.410724, 22.376822
1728226813, 113.481080, 22.386586
1728226813, 113.463675, 22.375561
1728226813, 113.427257, 21.956914
1728226813, 113.706357, 21.902344
1728226813, 113.522684, 22.185720
1728226813, 113.374899, 22.404209
1728226813, 113.602533, 21.953006
1728226813, 113.707319, 22.268934
1728226813, 113.243607, 22.136814
1728226813, 113.560597, 22.153594
1728226813, 113.522590, 22.235119
1728226813, 113.567424, 22.143120
1728226813, 113.290711, 22.333839
1728226813, 113.202413, 22.341564
1728226813, 113.576577, 22.153332
1728226813, 113.409355, 22.105060
1728226813, 113.422267, 21.979929
1728226813, 113.198337, 22.424537
1728226813, 113.505930, 22.302203
1728226813, 113.512073, 22.013049
1728226813, 113.411805, 22.066942
1728226813, 113.425323, 22.151765
1728226813, 113.620439, 22.200522
1728226813, 113.542490, 22.217490
1728226813, 113.290017, 22.161088
1728226813, 113.549602, 22.060105
1728226813, 113.702963, 22.051256
1728226813, 113.283224, 22.208709
1728226813, 113.219172, 22.067651
1728226813, 113.234340, 22.138438
1728226813, 113.270033, 21.888243
1728226813, 113.393361, 22.178732
1728226813, 113.522274, 22.234945
1728226813, 113.510841, 22.266734
1728226813, 113.075140, 22.411549
1728226813, 113.239975, 22.100154
1728226813, 113.264409, 21.958238
1728226813, 113.347507, 21.902431
1728226813, 113.563459, 21.894315
1728226813, 113.119900, 22.374993
1728226813, 113.217564, 21.881642
1728226813, 113.328258, 22.108803
1728226813, 113.113613, 22.339252
1728226813, 113.362678, 22.138997
1728226813, 113.416679, 21.987333
1728226813, 113.519317, 22.210589
1728226813, 113.231591, 21.979215
1728226813, 113.402172, 22.049699
1728226813, 113.618203, 22.408220
1728226813, 113.371013, 22.405005
1728226813, 113.454993, 22.280985
1728226814, 113.508372, 22.319655
1728226814, 113.466235, 22.363893
1728226814, 113.699142, 22.174115
1728226814, 113.698192, 22.003582
1728226814, 113.438844, 22.283709
1728226814, 113.347499, 22.245667
1728226814, 113.519314, 22.211222
1728226814, 113.303142, 22.059050
1728226814, 113.362009, 22.149864
1728226814, 113.282641, 21.934011
1728226814, 113.642349, 22.429447
1728226814, 113.535740, 22.219395
1728226814, 113.537037, 22.361152
1728226814, 113.331492, 22.042397
1728226814, 113.299539, 22.465683
1728226814, 113.181150, 22.065242
1728226814, 113.613784, 22.116421
1728226814, 113.295709, 22.388500
1728226814, 113.132050, 22.331287
1728226814, 113.474195, 22.216633
1728226814, 113.444129, 22.010455
1728226814, 113.219191, 21.894919
1728226814, 113.522962, 22.235597
1728226814, 113.075105, 22.022519
1728226814, 113.598567, 21.910039
1728226814, 113.637833, 22.201558
1728226814, 113.441032, 22.416378
1728226814, 113.685107, 22.311233
1728226814, 113.305553, 22.045609
1728226814, 113.562730, 22.308597
1728226814, 113.215526, 22.463829
1728226814, 113.499266, 22.175398
1728226814, 113.242517, 22.071109
1728226814, 113.366033, 22.009124
1728226814, 113.623299, 21.913990
1728226814, 113.138366, 22.097844
1728226814, 113.235864, 22.355464
1728226814, 113.629823, 22.203789
1728226814, 113.209813, 21.960877
1728226814, 113.513095, 22.174055
1728226814, 113.079423, 22.389369
1728226814, 113.115022, 22.217052
1728226814, 113.616658, 22.298457
1728226814, 113.521982, 22.235042
1728226814, 113.156360, 22.325726
1728226814, 113.511342, 22.270500
1728226814, 113.648324, 22.275931
1728226814, 113.488992, 22.133755
1728226814, 113.489760, 21.900453
1728226814, 113.708856, 22.061160
1728226814, 113.653411, 22.230485
1728226814, 113.598636, 22.407074
1728226814, 113.704626, 22.286445
1728226814, 113.490816, 22.185449
1728226814, 113.439554, 22.243650
1728226814, 113.415484, 21.991357
1728226814, 113.495070, 22.245853
1728226814, 113.474863, 22.409354
1728226814, 113.293843, 21.974098
1728226814, 113.582236, 22.445797
1728226814, 113.394311, 22.148284
1728226814, 113.390592, 22.268363
1728226814, 113.162929, 22.028631
1728226814, 113.366033, 22.009124
1728226814, 113.273774, 22.188239
1728226814, 113.432081, 22.198752
1728226814, 113.297532, 22.191319
1728226814, 113.521708, 22.152398
1728226814, 113.392265, 22.183968
1728226814, 113.129749, 22.118627
1728226814, 113.202197, 22.378837
1728226814, 113.523291, 22.208625
1728226814, 113.602033, 22.159961
1728226814, 113.168365, 22.317884
1728226814, 113.379833, 22.296016
1728226814, 113.121371, 22.229970
1728226814, 113.097085, 22.245676
1728226814, 113.530815, 22.152220
1728226814, 113.334328, 22.165505
1728226814, 113.607156, 22.163479
1728226814, 113.260858, 22.433564
1728226814, 113.617102, 22.216899
1728226814, 113.172718, 22.121110
1728226814, 113.091829, 21.965873
1728226814, 113.530446, 22.437183
1728226814, 113.425718, 22.370298
1728226814, 113.392398, 22.309771
1728226814, 113.333109, 21.894789
1728226814, 113.424150, 22.280368
1728226814, 113.446595, 22.018620
1728226814, 113.462064, 22.095971
1728226814, 113.360219, 22.141360
1728226814, 113.673959, 22.355394
1728226814, 113.423368, 22.164575
1728226814, 113.525670, 22.189772
1728226814, 113.675274, 22.021728
1728226814, 113.662837, 22.166598
1728226814, 113.504180, 21.890632
1728226814, 113.401538, 22.247284
1728226814, 113.125248, 22.389504
1728226814, 113.380410, 22.021842
1728226814, 113.679963, 22.466664
1728226814, 113.513363, 22.215234
1728226814, 113.664965, 22.081154
1728226814, 113.550974, 21.889028
1728226814, 113.370745, 22.050285
1728226814, 113.509091, 22.147364
1728226814, 113.340731, 22.469943
1728226814, 113.099761, 21.903349
1728226814, 113.537972, 22.217488
1728226814, 113.108514, 22.349394
1728226814, 113.291334, 22.007842
1728226814, 113.149362, 22.309380
1728226814, 113.079314, 22.296522
1728226814, 113.328278, 21.893160
1728226814, 113.185945, 22.301248
1728226814, 113.166712, 21.930897
1728226815, 113.169775, 22.112986
1728226815, 113.528558, 21.900359
1728226815, 113.371573, 22.014962
1728226815, 113.553223, 22.001126
1728226815, 113.524665, 22.167061
1728226815, 113.549294, 22.310950
1728226815, 113.550823, 21.996519
1728226815, 113.495070, 22.245853
1728226815, 113.354104, 22.045177
1728226815, 113.249970, 22.445978
1728226815, 113.529277, 22.172666
1728226815, 113.188819, 22.022816
1728226815, 113.467241, 22.054296
1728226815, 113.516860, 22.176436
1728226815, 113.516835, 22.018667
1728226815, 113.165374, 22.229036
1728226815, 113.310802, 22.250096
1728226815, 113.510089, 21.937616
1728226815, 113.429485, 22.170744
1728226815, 113.510453, 21.888406
1728226815, 113.121878, 22.077162
1728226815, 113.589933, 21.938260
1728226815, 113.608206, 21.994562
1728226815, 113.302964, 22.154543
1728226815, 113.279999, 22.248274
1728226815, 113.156693, 22.218142
1728226815, 113.410187, 22.070032
1728226815, 113.127756, 22.067234
1728226815, 113.462214, 22.363272
1728226815, 113.381968, 22.023024
1728226815, 113.298013, 22.100628
1728226815, 113.178787, 22.169855
1728226815, 113.198377, 22.388075
1728226815, 113.123392, 22.208746
1728226815, 113.192042, 22.144672
1728226815, 113.131629, 22.317106
1728226815, 113.113441, 22.085830
1728226815, 113.418895, 21.998388
1728226815, 113.548556, 22.024886
1728226815, 113.554162, 22.438522
1728226815, 113.343174, 22.460422
1728226815, 113.549263, 22.244603
1728226815, 113.225623, 22.378982
1728226815, 113.516249, 22.176111
1728226815, 113.525555, 22.189830
1728226815, 113.137297, 22.235749
1728226815, 113.522941, 22.235210
1728226815, 113.197326, 22.168478
1728226815, 113.346865, 22.302445
1728226815, 113.337761, 22.106839
1728226815, 113.288939, 22.186080
1728226815, 113.091139, 22.133428
1728226815, 113.502865, 21.908275
1728226815, 113.180222, 22.050258
1728226815, 113.581485, 21.967535
1728226815, 113.189873, 21.991206
1728226815, 113.596518, 22.237794
1728226815, 113.533504, 22.222514
1728226815, 113.092333, 22.128859
1728226815, 113.216104, 22.071986
1728226815, 113.301253, 22.313398
1728226815, 113.665984, 22.046014
1728226815, 113.346488, 22.046232
1728226815, 113.250092, 22.180290
1728226815, 113.209229, 22.316074
1728226815, 113.440613, 22.326766
1728226815, 113.200957, 22.258041
1728226815, 113.672757, 22.099631
1728226815, 113.165914, 22.254222
1728226815, 113.482639, 22.386415
1728226815, 113.218860, 21.890966
1728226815, 113.538285, 22.121075
1728226815, 113.700697, 22.257176
1728226815, 113.217635, 22.360002
1728226815, 113.329181, 22.387513
1728226815, 113.382189, 22.456540
1728226815, 113.543197, 22.033568
1728226815, 113.517855, 22.330178
1728226815, 113.379242, 22.335168
1728226815, 113.488609, 22.183031
1728226815, 113.074168, 22.352691
1728226815, 113.381957, 22.172650
1728226815, 113.340208, 22.264299
1728226815, 113.394754, 22.075123
1728226815, 113.301405, 22.385410
1728226815, 113.658216, 22.425292
1728226815, 113.079403, 22.068464
1728226815, 113.650184, 21.998262
1728226815, 113.662180, 22.311210
1728226815, 113.360809, 22.148044
1728226815, 113.527653, 22.152232
1728226815, 113.266519, 22.384912
1728226815, 113.690441, 22.395884
1728226815, 113.448819, 21.935662
1728226815, 113.211742, 22.104413
1728226815, 113.687858, 22.096757
1728226815, 113.403412, 22.224975
1728226815, 113.389024, 21.935483
1728226815, 113.288424, 22.401366
1728226815, 113.634747, 22.385516
1728226815, 113.098696, 22.376991
1728226815, 113.521446, 22.227000
1728226815, 113.261045, 22.091692
1728226815, 113.500909, 22.218254
1728226815, 113.251523, 22.132776
1728226815, 113.710099, 22.339331
1728226815, 113.411580, 22.193830
1728226815, 113.395242, 22.074959
1728226815, 113.094766, 22.311330
1728226815, 113.330373, 22.409136
1728226815, 113.530734, 22.152220
1728226815, 113.410642, 22.322395
1728226815, 113.351418, 22.124535
1728226815, 113.374936, 22.017851
1728226815, 113.598373, 22.404058
1728226815, 113.173604, 22.179962
1728226815, 113.235526, 21.935990
1728226815, 113.192372, 22.086767
1728226815, 113.390543, 22.000543
1728226815, 113.409405, 22.420452
1728226815, 113.679910, 22.131085
1728226815, 113.177065, 22.123082
1728226815, 113.194850, 22.089955
1728226815, 113.509491, 21.970109
1728226815, 113.576765, 22.279050
1728226815, 113.324883, 22.068813
1728226815, 113.359657, 22.009876
1728226816, 113.570935, 22.404012
1728226816, 113.368490, 22.162092
1728226816, 113.263946, 22.405765
1728226816, 113.701140, 22.451534
1728226816, 113.111629, 21.980253
1728226816, 113.509423, 22.342200
1728226816, 113.502346, 22.466671
1728226816, 113.655994, 22.020281
1728226816, 113.602650, 21.918923
1728226816, 113.602097, 22.370257
1728226816, 113.539710, 22.138269
1728226816, 113.093161, 21.973246
1728226816, 113.662452, 21.927562
1728226816, 113.114347, 22.377745
1728226816, 113.159383, 22.078574
1728226816, 113.561728, 22.385246
1728226816, 113.522807, 22.235690
1728226816, 113.162173, 22.018793
1728226816, 113.542561, 22.218701
1728226816, 113.469994, 22.215379
1728226816, 113.098199, 22.084085
1728226816, 113.521529, 22.152756
1728226816, 113.431731, 22.198591
1728226816, 113.477914, 22.071733
1728226816, 113.505147, 22.258054
1728226816, 113.545386, 22.048334
1728226816, 113.607142, 22.022271
1728226816, 113.427615, 21.976619
1728226816, 113.484289, 22.080992
1728226816, 113.209688, 22.035831
1728226816, 113.319593, 22.244686
1728226816, 113.503209, 22.384863
1728226816, 113.379763, 22.021359
1728226816, 113.609141, 22.263178
1728226816, 113.592720, 22.221531
1728226816, 113.216264, 22.374125
1728226816, 113.356612, 22.145299
1728226816, 113.508418, 22.190866
1728226816, 113.503774, 22.213076
1728226816, 113.319140, 22.195345
1728226816, 113.098464, 22.226930
1728226816, 113.686121, 22.417840
1728226816, 113.075193, 22.054369
1728226816, 113.505632, 22.173964
1728226816, 113.517966, 22.210519
1728226816, 113.312738, 22.283629
1728226816, 113.075000, 21.911911
1728226816, 113.159003, 21.996294
1728226816, 113.353743, 22.430261
1728226816, 113.143059, 22.173154
1728226816, 113.427884, 22.196273
1728226816, 113.436604, 22.373852
1728226816, 113.080665, 21.995833
1728226816, 113.637595, 22.012327
1728226816, 113.708336, 22.356263
1728226816, 113.496932, 22.240112
1728226816, 113.297432, 22.445953
1728226816, 113.514839, 22.257467
1728226816, 113.173267, 22.268680
1728226816, 113.257969, 22.084823
1728226816, 113.394754, 22.075123
1728226816, 113.390015, 22.007309
1728226816, 113.238363, 22.351794
1728226816, 113.500237, 22.287199
1728226816, 113.083404, 22.358061
1728226816, 113.226667, 21.934849
1728226816, 113.690740, 22.401454
1728226816, 113.680530, 22.229196
1728226816, 113.547306, 22.368611
1728226816, 113.272070, 22.196590
1728226816, 113.474276, 22.241962
1728226816, 113.650842, 22.067750
1728226816, 113.248798, 22.225306
1728226816, 113.522567, 22.235661
1728226816, 113.522684, 22.185720
1728226816, 113.255695, 21.890617
1728226816, 113.443453, 21.902519
1728226816, 113.635941, 22.438930
1728226816, 113.471575, 22.410020
1728226816, 113.611678, 22.257409
1728226816, 113.542327, 22.218950
1728226816, 113.498173, 22.177137
1728226816, 113.417577, 22.028379
1728226816, 113.711258, 22.224038
1728226816, 113.381968, 22.023024
1728226816, 113.376692, 21.882951
1728226816, 113.536466, 22.151513
1728226816, 113.519267, 22.377282
1728226816, 113.574188, 22.236484
1728226816, 113.214637, 21.883792
1728226816, 113.465083, 22.176942
1728226816, 113.542188, 22.137343
1728226816, 113.458375, 22.449396
1728226816, 113.539087, 22.145824
1728226816, 113.533149, 22.259528
1728226816, 113.272425, 22.192080
1728226816, 113.376962, 22.312047
1728226816, 113.473765, 22.057814
1728226816, 113.349490, 22.136296
1728226816, 113.535116, 22.392263
1728226816, 113.644479, 22.402731
1728226816, 113.518646, 21.933825
1728226816, 113.444575, 22.148010
1728226816, 113.128922, 22.045122
1728226816, 113.635387, 21.950614
1728226816, 113.208516, 21.897067
1728226816, 113.339496, 22.413178
1728226816, 113.310729, 22.464798
1728226816, 113.397242, 22.042136
1728226816, 113.095664, 22.345093
1728226816, 113.387837, 22.027873
1728226816, 113.374132, 22.185602
1728226816, 113.521745, 22.183146
1728226816, 113.666411, 21.880916
1728226816, 113.368295, 22.124757
1728226816, 113.095072, 22.240178
1728226816, 113.257381, 21.933525
1728226816, 113.463043, 21.959001
1728226816, 113.395479, 22.060382
1728226816, 113.522870, 22.235162
1728226816, 113.625334, 22.382577
1728226816, 113.448316, 22.385114
1728226816, 113.498332, 21.972845
1728226817, 113.502051, 22.228395
1728226817, 113.703284, 21.955425
1728226817, 113.432495, 22.391424
1728226817, 113.100188, 22.156054
1728226817, 113.165934, 22.150973
1728226817, 113.264676, 22.327668
1728226817, 113.269225, 22.330300
1728226817, 113.632360, 22.354158
1728226817, 113.269115, 22.460890
1728226817, 113.407620, 21.886798
1728226817, 113.503999, 21.981169
1728226817, 113.283154, 21.989983
1728226817, 113.413322, 22.114131
1728226817, 113.511782, 22.147731
1728226817, 113.379455, 22.422469
1728226817, 113.423310, 22.040562
1728226817, 113.150790, 22.222282
1728226817, 113.099784, 22.252786
1728226817, 113.546963, 21.963497
1728226817, 113.083006, 21.898614
1728226817, 113.075746, 21.885303
1728226817, 113.649075, 22.001435
1728226817, 113.514259, 22.160964
1728226817, 113.224548, 22.135956
1728226817, 113.505150, 22.222878
1728226817, 113.433134, 22.152195
1728226817, 113.361641, 22.140226
1728226817, 113.364365, 21.904296
1728226817, 113.338995, 22.442875
1728226817, 113.522734, 22.235128
1728226817, 113.320945, 22.114407
1728226817, 113.162854, 22.262690
1728226817, 113.322019, 22.375770
1728226817, 113.522941, 22.235210
1728226817, 113.514131, 22.160896
1728226817, 113.463521, 22.036028
1728226817, 113.237060, 22.043279
1728226817, 113.140064, 21.888052
1728226817, 113.575763, 21.901924
1728226817, 113.639029, 22.101135
1728226817, 113.302053, 22.423582
1728226817, 113.311419, 21.879343
1728226817, 113.541848, 22.218878
1728226817, 113.500480, 21.996493
1728226817, 113.636472, 22.012883
1728226817, 113.707266, 22.214575
1728226817, 113.280316, 22.023903
1728226817, 113.237233, 22.439039
1728226817, 113.108919, 21.959457
1728226817, 113.423513, 22.368626
1728226817, 113.443588, 22.294178
1728226817, 113.378666, 22.065470
1728226817, 113.292157, 22.074521
1728226817, 113.463982, 22.369151
1728226817, 113.098772, 22.033746
1728226817, 113.419622, 22.173923
1728226817, 113.624260, 22.242922
1728226817, 113.573408, 21.980051
1728226817, 113.656950, 22.126627
1728226817, 113.136933, 22.212587
1728226817, 113.367279, 22.011657
1728226817, 113.401169, 22.076241
1728226817, 113.201989, 21.907618
1728226817, 113.534404, 22.274215
1728226817, 113.512374, 22.173796
1728226817, 113.516452, 22.242773
1728226817, 113.588580, 22.364799
1728226817, 113.190143, 22.254451
1728226817, 113.666938, 21.902211
1728226817, 113.527143, 22.310941
1728226817, 113.073740, 21.934054
1728226817, 113.595074, 22.158002
1728226817, 113.536466, 22.151513
1728226817, 113.568190, 22.224490
1728226817, 113.680818, 22.354258
1728226817, 113.538877, 22.167498
1728226817, 113.146423, 22.310602
1728226817, 113.479435, 22.018487
1728226817, 113.129874, 21.932527
1728226817, 113.694104, 21.912008
1728226817, 113.379073, 22.169555
1728226817, 113.202248, 22.196679
1728226817, 113.600484, 22.358020
1728226817, 113.487983, 21.921670
1728226817, 113.541201, 21.987931
1728226817, 113.538550, 22.147703
1728226817, 113.663329, 22.256419
1728226817, 113.293747, 21.986869
1728226817, 113.101497, 22.177637
1728226817, 113.481644, 21.956265
1728226817, 113.638373, 22.387935
1728226817, 113.179963, 22.412473
1728226817, 113.599909, 22.108003
1728226817, 113.522892, 22.235654
1728226817, 113.297912, 22.127689
1728226817, 113.691148, 22.163881
1728226817, 113.612393, 22.149874
1728226817, 113.581702, 22.240610
1728226817, 113.538393, 22.118104
1728226817, 113.687566, 22.108998
1728226817, 113.471522, 22.027550
1728226817, 113.544770, 21.879952
1728226817, 113.572991, 22.013562
1728226817, 113.392106, 22.268495
1728226817, 113.134594, 22.244919
1728226817, 113.393242, 22.046766
1728226817, 113.695860, 22.331647
1728226817, 113.166056, 22.384594
1728226817, 113.162738, 22.085693
1728226817, 113.309150, 22.421692
1728226817, 113.444310, 22.433862
1728226817, 113.556539, 22.307957
1728226817, 113.629330, 22.150465
1728226817, 113.356612, 22.145299
1728226817, 113.451520, 21.922146
1728226817, 113.096060, 22.096846
1728226818, 113.528555, 22.201494
1728226818, 113.204788, 22.280367
1728226818, 113.246498, 22.143109
1728226818, 113.644729, 22.298878
1728226818, 113.702492, 22.251153
1728226818, 113.455282, 22.402695
1728226818, 113.370031, 22.160930
1728226818, 113.417154, 22.392003
1728226818, 113.695366, 22.282183
1728226818, 113.398559, 22.043780
1728226818, 113.507704, 22.170974
1728226818, 113.387531, 21.908298
1728226818, 113.150807, 21.934803
1728226818, 113.474530, 22.354703
1728226818, 113.352888, 22.059468
1728226818, 113.247791, 22.414525
1728226818, 113.399984, 22.176469
1728226818, 113.334183, 22.343488
1728226818, 113.505340, 22.458162
1728226818, 113.451589, 21.968890
1728226818, 113.521819, 22.183293
1728226818, 113.239789, 21.950169
1728226818, 113.578692, 21.986059
1728226818, 113.250742, 22.414155
1728226818, 113.412607, 22.279437
1728226818, 113.265697, 22.356683
1728226818, 113.620895, 22.417996
1728226818, 113.360775, 22.152914
1728226818, 113.377413, 22.115346
1728226818, 113.281693, 22.452588
1728226818, 113.362678, 22.138997
1728226818, 113.575688, 22.438987
1728226818, 113.183893, 22.181831
1728226818, 113.100669, 22.456475
1728226818, 113.313300, 22.187903
1728226818, 113.169643, 22.284731
1728226818, 113.661131, 22.442617
1728226818, 113.266667, 21.949605
1728226818, 113.525882, 22.152226
1728226818, 113.316806, 22.369560
1728226818, 113.485964, 21.904158
1728226818, 113.132981, 22.381932
1728226818, 113.513294, 22.173858
1728226818, 113.379660, 21.907391
1728226818, 113.319443, 21.922448
1728226818, 113.416865, 22.189967
1728226818, 113.100066, 22.200340
1728226818, 113.311874, 22.344372
1728226818, 113.185895, 22.366452
1728226818, 113.481931, 22.419699
1728226818, 113.309690, 22.273877
1728226818, 113.454913, 22.227982
1728226818, 113.654602, 22.150646
1728226818, 113.242267, 21.949469
1728226818, 113.512364, 22.269383
1728226818, 113.406921, 22.057443
1728226818, 113.105150, 22.339545
1728226818, 113.256906, 22.242306
1728226818, 113.626311, 22.119451
1728226818, 113.525670, 22.189772
1728226818, 113.234500, 22.203972
1728226818, 113.509196, 22.327459
1728226818, 113.325820, 22.356829
1728226818, 113.579512, 22.230640
1728226818, 113.550817, 22.213445
1728226818, 113.507909, 22.170661
1728226818, 113.568062, 22.292099
1728226818, 113.626447, 22.105242
1728226818, 113.153432, 22.178528
1728226818, 113.346444, 22.391072
1728226818, 113.400145, 22.372216
1728226818, 113.516157, 22.231022
1728226818, 113.293161, 21.940212
1728226818, 113.537415, 22.189295
1728226818, 113.341098, 21.933129
1728226818, 113.225586, 22.032107
1728226818, 113.522734, 22.235128
1728226818, 113.160030, 22.102639
1728226818, 113.632057, 22.189160
1728226818, 113.553488, 21.892440
1728226818, 113.257594, 22.081874
1728226818, 113.535431, 22.152031
1728226818, 113.088618, 21.895459
1728226818, 113.599387, 21.975446
1728226818, 113.233627, 22.389422
1728226818, 113.463154, 22.179280
1728226818, 113.401326, 22.037198
1728226818, 113.499633, 22.398687
1728226818, 113.444070, 22.033714
1728226818, 113.535740, 22.219395
1728226818, 113.499821, 22.364771
1728226818, 113.686014, 22.092218
1728226818, 113.462988, 22.004171
1728226818, 113.653006, 21.903897
1728226818, 113.231545, 22.206973
1728226818, 113.072640, 22.365728
1728226818, 113.548402, 21.920415
1728226818, 113.479258, 22.083113
1728226818, 113.626837, 22.027046
1728226818, 113.232662, 21.950506
1728226818, 113.605160, 22.101388
1728226818, 113.252726, 22.195152
1728226818, 113.234475, 21.912157
1728226818, 113.521165, 22.210220
1728226818, 113.520445, 22.010696
1728226818, 113.559117, 22.328001
1728226818, 113.314760, 22.202221
1728226818, 113.139580, 22.106934
1728226818, 113.261087, 22.101121
1728226818, 113.687975, 21.950442
1728226818, 113.578014, 22.409883
1728226818, 113.379388, 22.087327
1728226818, 113.259549, 21.943929
1728226818, 113.402172, 22.049699
1728226818, 113.564653, 22.175322
1728226818, 113.430942, 22.394132
1728226818, 113.163307, 22.140005
1728226818, 113.313026, 22.173264
1728226818, 113.537454, 21.938984
1728226818, 113.394588, 22.037469
1728226818, 113.610134, 22.233520
1728226818, 113.256760, 21.880490
1728226818, 113.570051, 21.901798
1728226818, 113.130824, 21.885208
1728226818, 113.275006, 22.419776
1728226819, 113.278838, 22.287414
1728226819, 113.215994, 22.050239
1728226819, 113.704741, 22.284479
1728226819, 113.276103, 22.434552
1728226819, 113.322780, 22.334730
1728226819, 113.687715, 22.020151
1728226819, 113.639344, 22.257637
1728226819, 113.530654, 22.152402
1728226819, 113.629617, 22.001014
1728226819, 113.559925, 21.977237
1728226819, 113.616200, 22.088533
1728226819, 113.495067, 22.245259
1728226819, 113.454770, 22.210794
1728226819, 113.599783, 22.193901
1728226819, 113.148890, 22.119693
1728226819, 113.120064, 22.269895
1728226819, 113.110853, 22.454033
1728226819, 113.318886, 21.981635
1728226819, 113.442082, 22.325469
1728226819, 113.508736, 22.035243
1728226819, 113.316676, 22.272819
1728226819, 113.591908, 22.093518
1728226819, 113.230386, 22.156309
1728226819, 113.116459, 21.947698
1728226819, 113.080662, 22.154561
1728226819, 113.709227, 22.236128
1728226819, 113.522643, 22.235691
1728226819, 113.333987, 22.455647
1728226819, 113.291555, 22.072105
1728226819, 113.500250, 21.947950
1728226819, 113.380180, 22.334684
1728226819, 113.576986, 22.426121
1728226819, 113.508076, 22.219292
1728226819, 113.142394, 21.995772
1728226819, 113.499331, 21.941352
1728226819, 113.596235, 22.015068
1728226819, 113.546391, 22.214183
1728226819, 113.534980, 22.005536
1728226819, 113.191102, 22.357898
1728226819, 113.355664, 22.001157
1728226819, 113.341331, 21.914562
1728226819, 113.078471, 22.359673
1728226819, 113.499471, 22.452110
1728226819, 113.552606, 22.229551
1728226819, 113.272687, 22.382229
1728226819, 113.540287, 22.104857
1728226819, 113.508103, 22.226727
1728226819, 113.086661, 22.254345
1728226819, 113.309417, 22.347563
1728226819, 113.689600, 22.303072
1728226819, 113.262676, 22.215860
1728226819, 113.335198, 22.139815
1728226819, 113.626445, 21.974594
1728226819, 113.567479, 22.196327
1728226819, 113.515903, 22.247587
1728226819, 113.413277, 21.971272
1728226819, 113.250157, 22.353737
1728226819, 113.522439, 22.235046
1728226819, 113.313648, 22.231780
1728226819, 113.702462, 22.208249
1728226819, 113.658811, 22.353642
1728226819, 113.429667, 22.264595
1728226819, 113.629452, 21.883160
1728226819, 113.533660, 22.152356
1728226819, 113.247583, 21.965796
1728226819, 113.131295, 22.026124
1728226819, 113.411842, 22.457640
1728226819, 113.338645, 22.109642
1728226819, 113.352938, 21.979955
1728226819, 113.460582, 22.184511
1728226819, 113.084458, 22.382433
1728226819, 113.608906, 21.927882
1728226819, 113.140246, 22.052073
1728226819, 113.116570, 22.462532
1728226819, 113.420355, 22.161359
1728226819, 113.337915, 22.051801
1728226819, 113.577218, 21.958520
1728226819, 113.458690, 22.245140
1728226819, 113.315206, 22.409259
1728226819, 113.457169, 22.176198
1728226819, 113.519765, 22.153482
1728226819, 113.643208, 22.399300
1728226819, 113.184717, 22.212407
1728226819, 113.392223, 22.132849
1728226819, 113.381776, 22.146344
1728226819, 113.508567, 22.169665
1728226819, 113.247050, 22.075100
1728226819, 113.411534, 22.407458
1728226819, 113.521708, 21.993411
1728226819, 113.504688, 21.906904
1728226819, 113.341160, 22.292758
1728226819, 113.231879, 21.913296
1728226819, 113.178519, 22.401773
1728226819, 113.519018, 22.177902
1728226819, 113.566412, 22.151276
1728226819, 113.511994, 22.228599
1728226819, 113.513063, 22.267757
1728226819, 113.499982, 22.175973
1728226819, 113.240035, 22.152555
1728226819, 113.701746, 22.001258
1728226819, 113.377124, 21.899062
1728226819, 113.453779, 22.411030
1728226819, 113.594990, 22.188972
1728226819, 113.143609, 22.107281
1728226819, 113.693364, 22.283123
1728226819, 113.287540, 22.285285
1728226819, 113.119581, 22.011037
1728226819, 113.264752, 21.981959
1728226819, 113.264795, 22.133912
1728226819, 113.112319, 22.062513
1728226819, 113.213074, 21.888507
1728226819, 113.159037, 22.211479
1728226819, 113.227281, 22.053637
1728226819, 113.354133, 21.953597
1728226819, 113.195438, 22.027753
1728226819, 113.224515, 22.283486
1728226819, 113.440292, 22.466879
1728226819, 113.284995, 22.245179
1728226819, 113.504249, 21.934610
1728226819, 113.597800, 22.348740
1728226819, 113.523870, 22.187576
1728226819, 113.292795, 22.158274
1728226819, 113.522734, 22.235128
1728226820, 113.246963, 22.015819
1728226820, 113.677814, 21.979818
1728226820, 113.521393, 22.291142
1728226820, 113.518487, 22.177762
1728226820, 113.518415, 22.211993
1728226820, 113.431061, 22.198378
1728226820, 113.441768, 22.417988
1728226820, 113.540026, 22.081426
1728226820, 113.152625, 22.396347
1728226820, 113.236047, 22.169361
1728226820, 113.545583, 22.344347
1728226820, 113.191324, 22.035015
1728226820, 113.281980, 22.363835
1728226820, 113.362118, 22.082903
1728226820, 113.656038, 22.303036
1728226820, 113.478615, 22.347589
1728226820, 113.618399, 22.379995
1728226820, 113.358288, 22.143188
1728226820, 113.097396, 21.945681
1728226820, 113.450424, 22.190223
1728226820, 113.185866, 21.953904
1728226820, 113.215196, 21.939847
1728226820, 113.416293, 21.891240
1728226820, 113.099122, 22.129869
1728226820, 113.166408, 22.033279
1728226820, 113.357957, 22.087043
1728226820, 113.617513, 22.344059
1728226820, 113.122071, 22.148781
1728226820, 113.264478, 22.078375
1728226820, 113.325493, 21.946304
1728226820, 113.509689, 22.117271
1728226820, 113.096527, 22.398791
1728226820, 113.635188, 22.180098
1728226820, 113.104274, 22.396600
1728226820, 113.708822, 22.137918
1728226820, 113.115583, 22.296869
1728226820, 113.236910, 22.453606
1728226820, 113.097352, 22.165106
1728226820, 113.080886, 22.242739
1728226820, 113.487978, 22.129953
1728226820, 113.264842, 22.333550
1728226820, 113.197710, 22.026800
1728226820, 113.550991, 22.370203
1728226820, 113.504086, 22.224546
1728226820, 113.698531, 22.421405
1728226820, 113.665875, 21.971405
1728226820, 113.539485, 22.026915
1728226820, 113.112074, 22.009682
1728226820, 113.131949, 21.959199
1728226820, 113.166476, 22.248636
1728226820, 113.483031, 22.460587
1728226820, 113.134030, 22.446144
1728226820, 113.194048, 22.162007
1728226820, 113.543791, 22.421864
1728226820, 113.528446, 22.194368
1728226820, 113.526258, 22.190927
1728226820, 113.261147, 21.966025
1728226820, 113.502203, 22.175821
1728226820, 113.610879, 22.344244
1728226820, 113.095034, 22.352783
1728226820, 113.516118, 22.158110
1728226820, 113.381996, 22.117509
1728226820, 113.201199, 21.897589
1728226820, 113.521775, 22.234583
1728226820, 113.117195, 22.464020
1728226820, 113.504046, 22.056297
1728226820, 113.517830, 22.176870
1728226820, 113.111222, 22.409179
1728226820, 113.635780, 22.439817
1728226820, 113.645474, 22.261470
1728226820, 113.145323, 22.219772
1728226820, 113.269838, 22.295109
1728226820, 113.301841, 21.990323
1728226820, 113.249973, 22.077487
1728226820, 113.393785, 22.036045
1728226820, 113.621137, 22.412893
1728226820, 113.511679, 22.267098
1728226820, 113.425136, 22.111397
1728226820, 113.579058, 22.194304
1728226820, 113.456451, 22.211339
1728226820, 113.466726, 22.214416
1728226820, 113.171185, 22.108219
1728226820, 113.681805, 22.160723
1728226820, 113.312936, 22.322701
1728226820, 113.077888, 22.117407
1728226820, 113.249239, 22.327766
1728226820, 113.406731, 22.134795
1728226820, 113.242983, 22.012749
1728226820, 113.366785, 22.215295
1728226820, 113.176840, 22.090125
1728226820, 113.543678, 22.280283
1728226820, 113.523662, 22.323616
1728226820, 113.429175, 22.341206
1728226820, 113.155995, 21.975368
1728226820, 113.361976, 21.901284
1728226820, 113.311831, 22.338538
1728226820, 113.504809, 22.223264
1728226820, 113.394297, 22.179183
1728226820, 113.251818, 21.950094
1728226820, 113.352180, 22.214801
1728226820, 113.690465, 22.143120
1728226820, 113.630154, 22.030000
1728226820, 113.584419, 22.186465
1728226820, 113.098618, 22.225549
1728226820, 113.193955, 22.014271
1728226820, 113.275855, 22.329180
